station_id,ALBH,ARLI,BAMF,BCOV,CABL,CLRS,CORV,CPXX,DDSN,ENUM,KTBW,NANO,NTKA,OBSR,P058,P062,P154,P155,P158,P160,P161,P163,P164,P167,P168,P169,P170,P324,P326,P327,P332,P345,P349,P362,P364,P365,P366,P367,P370,P374,P375,P376,P377,P380,P382,P383,P385,P387,P395,P397,P398,P401,P402,P404,P406,P407,P409,P412,P414,P417,P418,P420,P421,P425,P427,P429,P434,P435,P437,P439,P446,P696,P698,P700,P732,P733,P734,P784,PCOL,PGC5,PSPT,PTAL,PTRF,QUAD,REDM,SC04,SEDR,TPW2,UCLU,ZSE1
ALBH,0.09444240,0.06173286,0.04362912,0.00000000,0.00000000,0.06536017,0.00000000,0.00000000,0.00000000,0.00000000,0.00000000,0.06260897,0.04724297,0.00000000,0.00000000,0.00000000,0.00000000,0.00000000,0.00000000,0.00000000,0.00000000,0.00000000,0.00000000,0.00000000,0.00000000,0.00000000,0.00000000,0.00000000,0.00000000,0.00000000,0.00000000,0.00000000,0.00000000,0.00000000,0.00000000,0.00000000,0.00000000,0.00000000,0.00000000,0.00000000,0.00000000,0.00000000,0.00000000,0.00000000,0.00000000,0.00000000,0.00000000,0.00000000,0.00000000,0.00000000,0.00000000,0.06714835,0.06636733,0.00000000,0.00000000,0.00000000,0.00000000,0.00000000,0.00000000,0.00000000,0.00000000,0.00000000,0.00000000,0.00000000,0.00000000,0.00000000,0.00000000,0.00000000,0.06686234,0.07418977,0.00000000,0.00000000,0.03529617,0.00000000,0.00000000,0.00000000,0.00000000,0.00000000,0.00000000,0.07264720,0.00000000,0.00000000,0.06265356,0.00000000,0.00000000,0.06433654,0.06432350,0.00000000,0.05115877,0.00000000
ARLI,0.12189350,0.18647954,0.00000000,0.00000000,0.00000000,0.00000000,0.00000000,0.00000000,0.00000000,0.00000000,0.00000000,0.00000000,0.00000000,0.00000000,0.00000000,0.00000000,0.00000000,0.00000000,0.00000000,0.00000000,0.00000000,0.00000000,0.00000000,0.00000000,0.00000000,0.00000000,0.00000000,0.00000000,0.00000000,0.00000000,0.00000000,0.00000000,0.00000000,0.00000000,0.00000000,0.00000000,0.00000000,0.00000000,0.00000000,0.00000000,0.00000000,0.00000000,0.00000000,0.00000000,0.00000000,0.00000000,0.00000000,0.00000000,0.00000000,0.00000000,0.09676383,0.09615829,0.00000000,0.00000000,0.00000000,0.00000000,0.00000000,0.00000000,0.09426604,0.00000000,0.09400719,0.09526391,0.00000000,0.00000000,0.00000000,0.00000000,0.00000000,0.00000000,0.00000000,0.00000000,0.00000000,0.00000000,0.00000000,0.00000000,0.00000000,0.00000000,0.00000000,0.00000000,0.00000000,0.00000000,0.00000000,0.00000000,0.00000000,0.00000000,0.00000000,0.00000000,0.00000000,0.00000000,0.09398198,0.12118568
BAMF,0.08682024,0.00000000,0.18793668,0.00000000,0.00000000,0.00000000,0.00000000,0.00000000,0.00000000,0.00000000,0.00000000,0.11426771,0.10211401,0.00000000,0.00000000,0.00000000,0.00000000,0.00000000,0.00000000,0.00000000,0.00000000,0.00000000,0.00000000,0.00000000,0.00000000,0.00000000,0.00000000,0.00000000,0.00000000,0.00000000,0.00000000,0.00000000,0.00000000,0.00000000,0.00000000,0.00000000,0.00000000,0.00000000,0.00000000,0.00000000,0.00000000,0.00000000,0.00000000,0.00000000,0.00000000,0.00000000,0.00000000,0.00000000,0.00000000,0.00000000,0.08550151,0.11615681,0.08295975,0.00000000,0.00000000,0.00000000,0.00000000,0.00000000,0.00000000,0.00000000,0.00000000,0.00000000,0.00000000,0.00000000,0.00000000,0.00000000,0.00000000,0.00000000,0.00000000,0.08652928,0.00000000,0.00000000,0.00000000,0.00000000,0.00000000,0.00000000,0.00000000,0.00000000,0.00000000,0.00000000,0.00000000,0.00000000,0.00000000,0.00000000,0.00000000,0.00000000,0.00000000,0.00000000,0.13771412,0.00000000
BCOV,0.00000000,0.00000000,0.00000000,0.20775063,0.00000000,0.00000000,0.00000000,0.00000000,0.00000000,0.00000000,0.00000000,0.00000000,0.12572542,0.00000000,0.00000000,0.00000000,0.00000000,0.00000000,0.00000000,0.00000000,0.00000000,0.00000000,0.00000000,0.00000000,0.00000000,0.00000000,0.00000000,0.00000000,0.00000000,0.00000000,0.00000000,0.00000000,0.00000000,0.00000000,0.00000000,0.00000000,0.00000000,0.09514394,0.00000000,0.00000000,0.00000000,0.00000000,0.00000000,0.00000000,0.00000000,0.00000000,0.00000000,0.00000000,0.00000000,0.00000000,0.09692369,0.09897962,0.09318306,0.00000000,0.00000000,0.00000000,0.00000000,0.00000000,0.09415078,0.00000000,0.00000000,0.09434359,0.00000000,0.09379923,0.00000000,0.00000000,0.00000000,0.00000000,0.00000000,0.00000000,0.00000000,0.00000000,0.00000000,0.00000000,0.00000000,0.00000000,0.00000000,0.00000000,0.00000000,0.00000000,0.00000000,0.00000000,0.00000000,0.00000000,0.00000000,0.00000000,0.00000000,0.00000000,0.00000000,0.00000000
CABL,0.00000000,0.00000000,0.00000000,0.00000000,0.20142375,0.00000000,0.00000000,0.00000000,0.00000000,0.00000000,0.00000000,0.00000000,0.00000000,0.00000000,0.00000000,0.08002057,0.00000000,0.00000000,0.00000000,0.00000000,0.00000000,0.00000000,0.00000000,0.00000000,0.00000000,0.00000000,0.00000000,0.00000000,0.00000000,0.00000000,0.00000000,0.00000000,0.00000000,0.00000000,0.13096745,0.13030839,0.00000000,0.00000000,0.00000000,0.00000000,0.00000000,0.00000000,0.00000000,0.00000000,0.00000000,0.00000000,0.00000000,0.00000000,0.00000000,0.00000000,0.00000000,0.00000000,0.00000000,0.00000000,0.00000000,0.00000000,0.00000000,0.08813471,0.07851578,0.00000000,0.00000000,0.07845121,0.00000000,0.00000000,0.08375505,0.00000000,0.00000000,0.00000000,0.00000000,0.00000000,0.00000000,0.00000000,0.00000000,0.00000000,0.12842311,0.00000000,0.00000000,0.00000000,0.00000000,0.00000000,0.00000000,0.00000000,0.00000000,0.00000000,0.00000000,0.00000000,0.00000000,0.00000000,0.00000000,0.00000000
CLRS,0.10963375,0.00000000,0.00000000,0.00000000,0.00000000,0.15841568,0.00000000,0.00000000,0.00000000,0.00000000,0.00000000,0.00000000,0.00000000,0.00000000,0.00000000,0.00000000,0.00000000,0.00000000,0.00000000,0.00000000,0.00000000,0.00000000,0.00000000,0.00000000,0.00000000,0.00000000,0.00000000,0.00000000,0.00000000,0.00000000,0.00000000,0.00000000,0.00000000,0.00000000,0.00000000,0.00000000,0.00000000,0.00000000,0.00000000,0.00000000,0.00000000,0.00000000,0.00000000,0.00000000,0.00000000,0.00000000,0.00000000,0.00000000,0.00000000,0.00000000,0.07687397,0.10128392,0.00000000,0.00000000,0.00000000,0.00000000,0.00000000,0.00000000,0.00000000,0.00000000,0.00000000,0.00000000,0.00000000,0.00000000,0.00000000,0.00000000,0.00000000,0.00000000,0.00000000,0.10408089,0.00000000,0.00000000,0.00000000,0.00000000,0.00000000,0.00000000,0.00000000,0.00000000,0.00000000,0.11039865,0.00000000,0.11608402,0.00000000,0.00000000,0.00000000,0.11691688,0.00000000,0.00000000,0.10631227,0.00000000
CORV,0.00000000,0.00000000,0.00000000,0.00000000,0.00000000,0.00000000,0.16983698,0.00000000,0.00000000,0.00000000,0.00000000,0.00000000,0.00000000,0.00000000,0.00000000,0.00000000,0.00000000,0.00000000,0.00000000,0.00000000,0.00000000,0.00000000,0.00000000,0.00000000,0.00000000,0.00000000,0.00000000,0.00000000,0.00000000,0.00000000,0.00000000,0.00000000,0.00000000,0.00000000,0.00000000,0.00000000,0.08801269,0.12911990,0.00000000,0.00000000,0.00000000,0.12852216,0.00000000,0.00000000,0.00000000,0.00000000,0.00000000,0.00000000,0.00000000,0.00000000,0.08796080,0.00000000,0.00000000,0.00000000,0.12333286,0.00000000,0.00000000,0.00000000,0.09202854,0.00000000,0.00000000,0.08923660,0.00000000,0.09194943,0.00000000,0.00000000,0.00000000,0.00000000,0.00000000,0.00000000,0.00000000,0.00000000,0.00000000,0.00000000,0.00000000,0.00000000,0.00000000,0.00000000,0.00000000,0.00000000,0.00000000,0.00000000,0.00000000,0.00000000,0.00000000,0.00000000,0.00000000,0.00000000,0.00000000,0.00000000
CPXX,0.00000000,0.00000000,0.00000000,0.00000000,0.00000000,0.00000000,0.00000000,0.15704870,0.00000000,0.00000000,0.00000000,0.00000000,0.00000000,0.00000000,0.00000000,0.00000000,0.00000000,0.07655353,0.00000000,0.00000000,0.00000000,0.00000000,0.00000000,0.00000000,0.00000000,0.00000000,0.00000000,0.00000000,0.00000000,0.00000000,0.00000000,0.00000000,0.00000000,0.00000000,0.00000000,0.00000000,0.07866050,0.07929247,0.00000000,0.00000000,0.07723716,0.00000000,0.00000000,0.00000000,0.00000000,0.07854196,0.00000000,0.00000000,0.00000000,0.00000000,0.00000000,0.00000000,0.00000000,0.00000000,0.00000000,0.07385238,0.00000000,0.00000000,0.00000000,0.00000000,0.00000000,0.00000000,0.00000000,0.11286838,0.00000000,0.00000000,0.07678938,0.00000000,0.08088057,0.00000000,0.00000000,0.00000000,0.00000000,0.00000000,0.00000000,0.00000000,0.00000000,0.00000000,0.10827506,0.00000000,0.00000000,0.00000000,0.00000000,0.00000000,0.00000000,0.00000000,0.00000000,0.00000000,0.00000000,0.00000000
DDSN,0.00000000,0.00000000,0.00000000,0.00000000,0.00000000,0.00000000,0.00000000,0.00000000,0.19772947,0.00000000,0.00000000,0.00000000,0.00000000,0.00000000,0.00000000,0.00000000,0.00000000,0.00000000,0.00000000,0.00000000,0.00000000,0.00000000,0.00000000,0.00000000,0.00000000,0.00000000,0.00000000,0.00000000,0.00000000,0.00000000,0.00000000,0.00000000,0.00000000,0.00000000,0.00000000,0.00000000,0.12882113,0.09267216,0.00000000,0.00000000,0.08953090,0.00000000,0.11913171,0.10343634,0.00000000,0.08945768,0.00000000,0.00000000,0.00000000,0.00000000,0.00000000,0.00000000,0.00000000,0.09038509,0.00000000,0.00000000,0.00000000,0.00000000,0.08883563,0.00000000,0.00000000,0.00000000,0.00000000,0.00000000,0.00000000,0.00000000,0.00000000,0.00000000,0.00000000,0.00000000,0.00000000,0.00000000,0.00000000,0.00000000,0.00000000,0.00000000,0.00000000,0.00000000,0.00000000,0.00000000,0.00000000,0.00000000,0.00000000,0.00000000,0.00000000,0.00000000,0.00000000,0.00000000,0.00000000,0.00000000
ENUM,0.00000000,0.00000000,0.00000000,0.00000000,0.00000000,0.00000000,0.00000000,0.00000000,0.00000000,0.23476666,0.00000000,0.00000000,0.00000000,0.00000000,0.00000000,0.00000000,0.00000000,0.00000000,0.00000000,0.00000000,0.00000000,0.00000000,0.00000000,0.00000000,0.00000000,0.00000000,0.00000000,0.00000000,0.00000000,0.00000000,0.00000000,0.00000000,0.00000000,0.00000000,0.00000000,0.00000000,0.00000000,0.00000000,0.00000000,0.00000000,0.00000000,0.07968102,0.00000000,0.00000000,0.00000000,0.08037594,0.00000000,0.00000000,0.00000000,0.00000000,0.00000000,0.00000000,0.00000000,0.00000000,0.00000000,0.00000000,0.00000000,0.00000000,0.08159856,0.00000000,0.00000000,0.08250647,0.12327284,0.08189330,0.00000000,0.00000000,0.11919564,0.00000000,0.11670956,0.00000000,0.00000000,0.00000000,0.00000000,0.00000000,0.00000000,0.00000000,0.00000000,0.00000000,0.00000000,0.00000000,0.00000000,0.00000000,0.00000000,0.00000000,0.00000000,0.00000000,0.00000000,0.00000000,0.00000000,0.00000000
KTBW,0.00000000,0.00000000,0.00000000,0.00000000,0.00000000,0.00000000,0.00000000,0.00000000,0.00000000,0.00000000,0.18697485,0.00000000,0.00000000,0.00000000,0.00000000,0.00000000,0.00000000,0.00000000,0.00000000,0.00000000,0.00000000,0.00000000,0.00000000,0.00000000,0.00000000,0.00000000,0.00000000,0.00000000,0.00000000,0.00000000,0.00000000,0.00000000,0.00000000,0.00000000,0.00000000,0.00000000,0.00000000,0.09369899,0.00000000,0.00000000,0.00000000,0.09045479,0.00000000,0.00000000,0.00000000,0.00000000,0.00000000,0.00000000,0.00000000,0.09281099,0.00000000,0.00000000,0.00000000,0.00000000,0.00000000,0.00000000,0.00000000,0.00000000,0.09042792,0.00000000,0.12924618,0.00000000,0.00000000,0.09341957,0.00000000,0.00000000,0.00000000,0.00000000,0.13008420,0.09288252,0.00000000,0.00000000,0.00000000,0.00000000,0.00000000,0.00000000,0.00000000,0.00000000,0.00000000,0.00000000,0.00000000,0.00000000,0.00000000,0.00000000,0.00000000,0.00000000,0.00000000,0.00000000,0.00000000,0.00000000
NANO,0.06680506,0.00000000,0.06127055,0.00000000,0.00000000,0.00000000,0.00000000,0.00000000,0.00000000,0.00000000,0.00000000,0.10077198,0.05538438,0.00000000,0.00000000,0.00000000,0.00000000,0.00000000,0.00000000,0.00000000,0.00000000,0.00000000,0.00000000,0.00000000,0.00000000,0.00000000,0.00000000,0.00000000,0.00000000,0.00000000,0.00000000,0.00000000,0.00000000,0.00000000,0.00000000,0.00000000,0.00000000,0.05359388,0.00000000,0.00000000,0.00000000,0.00000000,0.00000000,0.00000000,0.00000000,0.00000000,0.00000000,0.00000000,0.00000000,0.00000000,0.05455321,0.05329713,0.00000000,0.00000000,0.00000000,0.00000000,0.00000000,0.00000000,0.05306501,0.04615503,0.00000000,0.00000000,0.00000000,0.05366206,0.00000000,0.00000000,0.00000000,0.00000000,0.00000000,0.06769626,0.00000000,0.00000000,0.00000000,0.00000000,0.00000000,0.00000000,0.00000000,0.00000000,0.00000000,0.06863532,0.00000000,0.00000000,0.06499728,0.06251206,0.00000000,0.06833744,0.00000000,0.00000000,0.06926343,0.00000000
NTKA,0.07564083,0.00000000,0.08215990,0.09150965,0.00000000,0.00000000,0.00000000,0.00000000,0.00000000,0.00000000,0.00000000,0.08310623,0.15121196,0.00000000,0.00000000,0.00000000,0.00000000,0.00000000,0.00000000,0.00000000,0.00000000,0.00000000,0.00000000,0.00000000,0.00000000,0.00000000,0.00000000,0.00000000,0.00000000,0.00000000,0.00000000,0.00000000,0.00000000,0.00000000,0.00000000,0.00000000,0.00000000,0.07750417,0.00000000,0.00000000,0.00000000,0.00000000,0.00000000,0.00000000,0.00000000,0.00000000,0.00000000,0.00000000,0.00000000,0.00000000,0.07833128,0.08294668,0.07879288,0.00000000,0.00000000,0.00000000,0.00000000,0.00000000,0.00000000,0.00000000,0.00000000,0.00000000,0.00000000,0.00000000,0.00000000,0.00000000,0.00000000,0.00000000,0.00000000,0.00000000,0.00000000,0.00000000,0.00000000,0.00000000,0.00000000,0.00000000,0.00000000,0.00000000,0.00000000,0.00000000,0.00000000,0.00000000,0.00000000,0.09799939,0.00000000,0.00000000,0.00000000,0.00000000,0.10079703,0.00000000
OBSR,0.00000000,0.00000000,0.00000000,0.00000000,0.00000000,0.00000000,0.00000000,0.00000000,0.00000000,0.00000000,0.00000000,0.00000000,0.00000000,0.27318087,0.00000000,0.00000000,0.00000000,0.00000000,0.00000000,0.00000000,0.00000000,0.00000000,0.00000000,0.00000000,0.00000000,0.00000000,0.00000000,0.00000000,0.00000000,0.00000000,0.00000000,0.00000000,0.00000000,0.00000000,0.00000000,0.00000000,0.00000000,0.09168063,0.00000000,0.00000000,0.00000000,0.00000000,0.09185992,0.00000000,0.00000000,0.00000000,0.00000000,0.00000000,0.00000000,0.00000000,0.00000000,0.08961520,0.00000000,0.00000000,0.00000000,0.00000000,0.00000000,0.08901068,0.08947553,0.00000000,0.00000000,0.00000000,0.00000000,0.09083214,0.00000000,0.00000000,0.00000000,0.00000000,0.09363267,0.09071241,0.00000000,0.00000000,0.00000000,0.00000000,0.00000000,0.00000000,0.00000000,0.00000000,0.00000000,0.00000000,0.00000000,0.00000000,0.00000000,0.00000000,0.00000000,0.00000000,0.00000000,0.00000000,0.00000000,0.00000000
P058,0.00000000,0.00000000,0.00000000,0.00000000,0.00000000,0.00000000,0.00000000,0.00000000,0.00000000,0.00000000,0.00000000,0.00000000,0.00000000,0.00000000,0.12996237,0.00000000,0.00000000,0.00000000,0.07901344,0.09900628,0.09372436,0.00000000,0.00000000,0.00000000,0.00000000,0.10563873,0.00000000,0.06799877,0.09384369,0.00000000,0.00000000,0.00000000,0.00000000,0.00000000,0.00000000,0.00000000,0.00000000,0.06596610,0.00000000,0.00000000,0.00000000,0.00000000,0.00000000,0.00000000,0.00000000,0.00000000,0.00000000,0.00000000,0.00000000,0.00000000,0.06770043,0.06722106,0.00000000,0.00000000,0.00000000,0.00000000,0.06469700,0.00000000,0.00000000,0.00000000,0.00000000,0.00000000,0.00000000,0.06522775,0.00000000,0.00000000,0.00000000,0.00000000,0.00000000,0.00000000,0.00000000,0.00000000,0.00000000,0.00000000,0.00000000,0.00000000,0.00000000,0.00000000,0.00000000,0.00000000,0.00000000,0.00000000,0.00000000,0.00000000,0.00000000,0.00000000,0.00000000,0.00000000,0.00000000,0.00000000
P062,0.00000000,0.00000000,0.00000000,0.00000000,0.06734328,0.00000000,0.00000000,0.00000000,0.00000000,0.00000000,0.00000000,0.00000000,0.00000000,0.00000000,0.00000000,0.16951312,0.00000000,0.00000000,0.00000000,0.00000000,0.00000000,0.00000000,0.00000000,0.00000000,0.00000000,0.00000000,0.00000000,0.00000000,0.00000000,0.00000000,0.00000000,0.00000000,0.00000000,0.00000000,0.08322772,0.08597502,0.00000000,0.00000000,0.00000000,0.00000000,0.00000000,0.00000000,0.08368544,0.00000000,0.00000000,0.00000000,0.00000000,0.08327814,0.00000000,0.00000000,0.00000000,0.00000000,0.00000000,0.00000000,0.00000000,0.00000000,0.00000000,0.08829444,0.08116187,0.00000000,0.00000000,0.00000000,0.00000000,0.08176587,0.09081949,0.00000000,0.00000000,0.00000000,0.00000000,0.00000000,0.00000000,0.00000000,0.00000000,0.00000000,0.08493561,0.00000000,0.00000000,0.00000000,0.00000000,0.00000000,0.00000000,0.00000000,0.00000000,0.00000000,0.00000000,0.00000000,0.00000000,0.00000000,0.00000000,0.00000000
P154,0.00000000,0.00000000,0.00000000,0.00000000,0.00000000,0.00000000,0.00000000,0.00000000,0.00000000,0.00000000,0.00000000,0.00000000,0.00000000,0.00000000,0.00000000,0.00000000,0.20476028,0.00000000,0.00000000,0.00000000,0.00000000,0.00000000,0.00000000,0.00000000,0.00000000,0.00000000,0.00000000,0.00000000,0.00000000,0.00000000,0.00000000,0.00000000,0.00000000,0.00000000,0.00000000,0.00000000,0.00000000,0.09717140,0.00000000,0.00000000,0.00000000,0.00000000,0.00000000,0.11529988,0.00000000,0.00000000,0.00000000,0.00000000,0.00000000,0.00000000,0.09859326,0.09760992,0.00000000,0.00000000,0.09983635,0.00000000,0.09696698,0.00000000,0.09483350,0.00000000,0.00000000,0.00000000,0.00000000,0.00000000,0.00000000,0.00000000,0.00000000,0.00000000,0.00000000,0.00000000,0.00000000,0.00000000,0.00000000,0.00000000,0.00000000,0.00000000,0.00000000,0.00000000,0.00000000,0.00000000,0.00000000,0.00000000,0.00000000,0.00000000,0.00000000,0.00000000,0.00000000,0.00000000,0.09492841,0.00000000
P155,0.00000000,0.00000000,0.00000000,0.00000000,0.00000000,0.00000000,0.00000000,0.06122280,0.00000000,0.00000000,0.00000000,0.00000000,0.00000000,0.00000000,0.00000000,0.00000000,0.00000000,0.12559786,0.04837279,0.00000000,0.00000000,0.00000000,0.06704635,0.05919762,0.08289361,0.08522719,0.05806036,0.00000000,0.00000000,0.00000000,0.00000000,0.00000000,0.00000000,0.05931555,0.00000000,0.00000000,0.00000000,0.00000000,0.00000000,0.00000000,0.00000000,0.00000000,0.00000000,0.00000000,0.00000000,0.06292713,0.00000000,0.00000000,0.00000000,0.00000000,0.06159136,0.00000000,0.00000000,0.06177843,0.00000000,0.00000000,0.00000000,0.00000000,0.06281281,0.00000000,0.00000000,0.00000000,0.00000000,0.06257895,0.00000000,0.00000000,0.00000000,0.00000000,0.00000000,0.00000000,0.00000000,0.04137715,0.00000000,0.00000000,0.00000000,0.00000000,0.00000000,0.00000000,0.00000000,0.00000000,0.00000000,0.00000000,0.00000000,0.00000000,0.00000000,0.00000000,0.00000000,0.00000000,0.00000000,0.00000000
P158,0.00000000,0.00000000,0.00000000,0.00000000,0.00000000,0.00000000,0.00000000,0.00000000,0.00000000,0.00000000,0.00000000,0.00000000,0.00000000,0.00000000,0.10788481,0.00000000,0.00000000,0.06834329,0.17745039,0.00000000,0.00000000,0.00000000,0.11526774,0.12431140,0.11445286,0.11206114,0.00000000,0.00000000,0.10978258,0.00000000,0.00000000,0.00000000,0.00000000,0.07044575,0.00000000,0.00000000,0.00000000,0.00000000,0.00000000,0.00000000,0.00000000,0.00000000,0.00000000,0.00000000,0.00000000,0.00000000,0.00000000,0.00000000,0.00000000,0.00000000,0.00000000,0.00000000,0.00000000,0.00000000,0.00000000,0.00000000,0.00000000,0.00000000,0.00000000,0.00000000,0.00000000,0.00000000,0.00000000,0.00000000,0.00000000,0.00000000,0.00000000,0.00000000,0.00000000,0.00000000,0.00000000,0.00000000,0.00000000,0.00000000,0.00000000,0.00000000,0.00000000,0.00000000,0.00000000,0.00000000,0.00000000,0.00000000,0.00000000,0.00000000,0.00000000,0.00000000,0.00000000,0.00000000,0.00000000,0.00000000
P160,0.00000000,0.00000000,0.00000000,0.00000000,0.00000000,0.00000000,0.00000000,0.00000000,0.00000000,0.00000000,0.00000000,0.00000000,0.00000000,0.00000000,0.13540818,0.00000000,0.00000000,0.00000000,0.00000000,0.17774598,0.12546875,0.00000000,0.00000000,0.00000000,0.00000000,0.13752618,0.00000000,0.09308374,0.00000000,0.00000000,0.08452295,0.08194302,0.00000000,0.00000000,0.00000000,0.00000000,0.00000000,0.00000000,0.00000000,0.00000000,0.00000000,0.00000000,0.00000000,0.00000000,0.00000000,0.00000000,0.00000000,0.00000000,0.00000000,0.00000000,0.08263411,0.08166709,0.00000000,0.00000000,0.00000000,0.00000000,0.00000000,0.00000000,0.00000000,0.00000000,0.00000000,0.00000000,0.00000000,0.00000000,0.00000000,0.00000000,0.00000000,0.00000000,0.00000000,0.00000000,0.00000000,0.00000000,0.00000000,0.00000000,0.00000000,0.00000000,0.00000000,0.00000000,0.00000000,0.00000000,0.00000000,0.00000000,0.00000000,0.00000000,0.00000000,0.00000000,0.00000000,0.00000000,0.00000000,0.00000000
P161,0.00000000,0.00000000,0.00000000,0.00000000,0.00000000,0.00000000,0.00000000,0.00000000,0.00000000,0.00000000,0.00000000,0.00000000,0.00000000,0.00000000,0.11710475,0.00000000,0.00000000,0.00000000,0.00000000,0.11462396,0.16238266,0.00000000,0.00000000,0.11430288,0.11987820,0.11234666,0.00000000,0.00000000,0.11466401,0.00000000,0.00000000,0.07224904,0.00000000,0.00000000,0.00000000,0.00000000,0.00000000,0.00000000,0.00000000,0.00000000,0.00000000,0.00000000,0.00000000,0.00000000,0.00000000,0.00000000,0.00000000,0.00000000,0.00000000,0.00000000,0.07244786,0.00000000,0.00000000,0.00000000,0.00000000,0.00000000,0.00000000,0.00000000,0.00000000,0.00000000,0.00000000,0.00000000,0.00000000,0.00000000,0.00000000,0.00000000,0.00000000,0.00000000,0.00000000,0.00000000,0.00000000,0.00000000,0.00000000,0.00000000,0.00000000,0.00000000,0.00000000,0.00000000,0.00000000,0.00000000,0.00000000,0.00000000,0.00000000,0.00000000,0.00000000,0.00000000,0.00000000,0.00000000,0.00000000,0.00000000
P163,0.00000000,0.00000000,0.00000000,0.00000000,0.00000000,0.00000000,0.00000000,0.00000000,0.00000000,0.00000000,0.00000000,0.00000000,0.00000000,0.00000000,0.00000000,0.00000000,0.00000000,0.00000000,0.00000000,0.00000000,0.00000000,0.21470144,0.00000000,0.00000000,0.00000000,0.09196438,0.00000000,0.15166280,0.00000000,0.00000000,0.09087443,0.00000000,0.00000000,0.00000000,0.00000000,0.00000000,0.00000000,0.00000000,0.09045431,0.00000000,0.00000000,0.08910190,0.00000000,0.08999003,0.00000000,0.00000000,0.00000000,0.00000000,0.00000000,0.00000000,0.08982871,0.00000000,0.00000000,0.00000000,0.00000000,0.00000000,0.00000000,0.00000000,0.00000000,0.00000000,0.00000000,0.00000000,0.00000000,0.00000000,0.00000000,0.00000000,0.00000000,0.00000000,0.00000000,0.00000000,0.09142199,0.00000000,0.00000000,0.00000000,0.00000000,0.00000000,0.00000000,0.00000000,0.00000000,0.00000000,0.00000000,0.00000000,0.00000000,0.00000000,0.00000000,0.00000000,0.00000000,0.00000000,0.00000000,0.00000000
P164,0.00000000,0.00000000,0.00000000,0.00000000,0.00000000,0.00000000,0.00000000,0.00000000,0.00000000,0.00000000,0.00000000,0.00000000,0.00000000,0.00000000,0.00000000,0.00000000,0.00000000,0.07408080,0.09014539,0.00000000,0.00000000,0.00000000,0.13877548,0.10716763,0.10158399,0.07019502,0.03714021,0.00000000,0.10735186,0.00000000,0.00000000,0.00000000,0.00000000,0.06454062,0.00000000,0.00000000,0.06882851,0.00000000,0.00000000,0.00000000,0.00000000,0.00000000,0.06994036,0.00000000,0.00000000,0.00000000,0.00000000,0.00000000,0.00000000,0.00000000,0.00000000,0.00000000,0.00000000,0.00000000,0.00000000,0.00000000,0.00000000,0.00000000,0.07025016,0.00000000,0.00000000,0.00000000,0.00000000,0.00000000,0.00000000,0.00000000,0.00000000,0.00000000,0.00000000,0.00000000,0.00000000,0.00000000,0.00000000,0.00000000,0.00000000,0.00000000,0.00000000,0.00000000,0.00000000,0.00000000,0.00000000,0.00000000,0.00000000,0.00000000,0.00000000,0.00000000,0.00000000,0.00000000,0.00000000,0.00000000
P167,0.00000000,0.00000000,0.00000000,0.00000000,0.00000000,0.00000000,0.00000000,0.00000000,0.00000000,0.00000000,0.00000000,0.00000000,0.00000000,0.00000000,0.00000000,0.00000000,0.00000000,0.06756821,0.10042792,0.00000000,0.10091086,0.00000000,0.11070605,0.14335750,0.11258379,0.00000000,0.07132660,0.00000000,0.11148262,0.00000000,0.00000000,0.00000000,0.00000000,0.06899845,0.00000000,0.00000000,0.06523410,0.00000000,0.00000000,0.00000000,0.00000000,0.00000000,0.00000000,0.00000000,0.00000000,0.00000000,0.00000000,0.00000000,0.00000000,0.00000000,0.00000000,0.00000000,0.00000000,0.00000000,0.00000000,0.00000000,0.00000000,0.00000000,0.00000000,0.00000000,0.00000000,0.00000000,0.00000000,0.00000000,0.00000000,0.00000000,0.00000000,0.00000000,0.00000000,0.00000000,0.00000000,0.04740385,0.00000000,0.00000000,0.00000000,0.00000000,0.00000000,0.00000000,0.00000000,0.00000000,0.00000000,0.00000000,0.00000000,0.00000000,0.00000000,0.00000000,0.00000000,0.00000000,0.00000000,0.00000000
P168,0.00000000,0.00000000,0.00000000,0.00000000,0.00000000,0.00000000,0.00000000,0.00000000,0.00000000,0.00000000,0.00000000,0.00000000,0.00000000,0.00000000,0.00000000,0.00000000,0.00000000,0.08959327,0.08755609,0.00000000,0.10021602,0.00000000,0.09936859,0.10660855,0.13574900,0.00000000,0.07088722,0.00000000,0.10980833,0.00000000,0.00000000,0.00000000,0.00000000,0.00000000,0.00000000,0.00000000,0.06647040,0.06715001,0.00000000,0.00000000,0.00000000,0.00000000,0.00000000,0.00000000,0.00000000,0.00000000,0.00000000,0.00000000,0.00000000,0.00000000,0.00000000,0.00000000,0.00000000,0.00000000,0.00000000,0.00000000,0.00000000,0.00000000,0.06659254,0.00000000,0.00000000,0.00000000,0.00000000,0.00000000,0.00000000,0.00000000,0.00000000,0.00000000,0.00000000,0.00000000,0.00000000,0.00000000,0.00000000,0.00000000,0.00000000,0.00000000,0.00000000,0.00000000,0.00000000,0.00000000,0.00000000,0.00000000,0.00000000,0.00000000,0.00000000,0.00000000,0.00000000,0.00000000,0.00000000,0.00000000
P169,0.00000000,0.00000000,0.00000000,0.00000000,0.00000000,0.00000000,0.00000000,0.00000000,0.00000000,0.00000000,0.00000000,0.00000000,0.00000000,0.00000000,0.08020566,0.00000000,0.00000000,0.06695690,0.06231284,0.07634578,0.06826843,0.04226531,0.04991063,0.00000000,0.00000000,0.09867325,0.00000000,0.05272576,0.00000000,0.04696038,0.00000000,0.05181519,0.04754130,0.04970407,0.00000000,0.00000000,0.00000000,0.00000000,0.00000000,0.00000000,0.00000000,0.00000000,0.00000000,0.00000000,0.00000000,0.00000000,0.00000000,0.00000000,0.00000000,0.00000000,0.05250647,0.05185928,0.00000000,0.00000000,0.00000000,0.00000000,0.00000000,0.00000000,0.05109739,0.00000000,0.00000000,0.00000000,0.00000000,0.05085134,0.00000000,0.00000000,0.00000000,0.00000000,0.00000000,0.00000000,0.00000000,0.00000000,0.00000000,0.00000000,0.00000000,0.00000000,0.00000000,0.00000000,0.00000000,0.00000000,0.00000000,0.00000000,0.00000000,0.00000000,0.00000000,0.00000000,0.00000000,0.00000000,0.00000000,0.00000000
P170,0.00000000,0.00000000,0.00000000,0.00000000,0.00000000,0.00000000,0.00000000,0.00000000,0.00000000,0.00000000,0.00000000,0.00000000,0.00000000,0.00000000,0.00000000,0.00000000,0.00000000,0.12191443,0.00000000,0.00000000,0.00000000,0.00000000,0.07058124,0.13121659,0.13771746,0.00000000,0.26372889,0.00000000,0.00000000,0.00000000,0.00000000,0.00000000,0.00000000,0.00000000,0.00000000,0.00000000,0.00000000,0.00000000,0.00000000,0.00000000,0.00000000,0.00000000,0.00000000,0.00000000,0.00000000,0.00000000,0.00000000,0.00000000,0.00000000,0.00000000,0.00000000,0.00000000,0.00000000,0.06853212,0.00000000,0.00000000,0.00000000,0.06789167,0.06893057,0.00000000,0.00000000,0.00000000,0.00000000,0.00000000,0.00000000,0.00000000,0.06948706,0.00000000,0.00000000,0.00000000,0.00000000,0.00000000,0.00000000,0.00000000,0.00000000,0.00000000,0.00000000,0.00000000,0.00000000,0.00000000,0.00000000,0.00000000,0.00000000,0.00000000,0.00000000,0.00000000,0.00000000,0.00000000,0.00000000,0.00000000
P324,0.00000000,0.00000000,0.00000000,0.00000000,0.00000000,0.00000000,0.00000000,0.00000000,0.00000000,0.00000000,0.00000000,0.00000000,0.00000000,0.00000000,0.06896301,0.00000000,0.00000000,0.00000000,0.00000000,0.06902506,0.00000000,0.09310582,0.00000000,0.00000000,0.00000000,0.07042976,0.00000000,0.13180527,0.00000000,0.00000000,0.09435495,0.00000000,0.00000000,0.00000000,0.00000000,0.00000000,0.00000000,0.07025245,0.06158722,0.00000000,0.00000000,0.00000000,0.00000000,0.00000000,0.00000000,0.00000000,0.00000000,0.00000000,0.00000000,0.00000000,0.07103240,0.00000000,0.00000000,0.00000000,0.00000000,0.00000000,0.00000000,0.00000000,0.07031282,0.00000000,0.00000000,0.00000000,0.00000000,0.06962361,0.00000000,0.00000000,0.00000000,0.00000000,0.00000000,0.00000000,0.00000000,0.00000000,0.00000000,0.00000000,0.00000000,0.00000000,0.06994244,0.00000000,0.00000000,0.00000000,0.05956519,0.00000000,0.00000000,0.00000000,0.00000000,0.00000000,0.00000000,0.00000000,0.00000000,0.00000000
P326,0.00000000,0.00000000,0.00000000,0.00000000,0.00000000,0.00000000,0.00000000,0.00000000,0.00000000,0.00000000,0.00000000,0.00000000,0.00000000,0.00000000,0.09769800,0.00000000,0.00000000,0.00000000,0.08370563,0.00000000,0.09554010,0.00000000,0.10466345,0.10521676,0.10944524,0.00000000,0.00000000,0.00000000,0.13530013,0.00000000,0.00000000,0.00000000,0.00000000,0.00000000,0.00000000,0.00000000,0.06692044,0.06658360,0.00000000,0.00000000,0.00000000,0.00000000,0.06722695,0.00000000,0.00000000,0.00000000,0.00000000,0.00000000,0.00000000,0.00000000,0.00000000,0.00000000,0.00000000,0.00000000,0.00000000,0.00000000,0.00000000,0.00000000,0.06769975,0.00000000,0.00000000,0.00000000,0.00000000,0.00000000,0.00000000,0.00000000,0.00000000,0.00000000,0.00000000,0.00000000,0.00000000,0.00000000,0.00000000,0.00000000,0.00000000,0.00000000,0.00000000,0.00000000,0.00000000,0.00000000,0.00000000,0.00000000,0.00000000,0.00000000,0.00000000,0.00000000,0.00000000,0.00000000,0.00000000,0.00000000
P327,0.00000000,0.00000000,0.00000000,0.00000000,0.00000000,0.00000000,0.00000000,0.00000000,0.00000000,0.00000000,0.00000000,0.00000000,0.00000000,0.00000000,0.00000000,0.00000000,0.00000000,0.00000000,0.00000000,0.00000000,0.00000000,0.00000000,0.00000000,0.00000000,0.00000000,0.09865654,0.00000000,0.00000000,0.00000000,0.20729733,0.00000000,0.00000000,0.00000000,0.00000000,0.00000000,0.00000000,0.00000000,0.10065855,0.00000000,0.00000000,0.00000000,0.00000000,0.09755055,0.00000000,0.00000000,0.00000000,0.00000000,0.00000000,0.00000000,0.00000000,0.09931586,0.10035075,0.00000000,0.00000000,0.00000000,0.00000000,0.00000000,0.00000000,0.10020293,0.00000000,0.00000000,0.00000000,0.00000000,0.00000000,0.00000000,0.00000000,0.00000000,0.00000000,0.00000000,0.00000000,0.00000000,0.00000000,0.00000000,0.00000000,0.00000000,0.09767584,0.00000000,0.00000000,0.00000000,0.00000000,0.00000000,0.00000000,0.00000000,0.00000000,0.00000000,0.00000000,0.00000000,0.00000000,0.09829175,0.00000000
P332,0.00000000,0.00000000,0.00000000,0.00000000,0.00000000,0.00000000,0.00000000,0.00000000,0.00000000,0.00000000,0.00000000,0.00000000,0.00000000,0.00000000,0.00000000,0.00000000,0.00000000,0.00000000,0.00000000,0.07303293,0.00000000,0.06500558,0.00000000,0.00000000,0.00000000,0.00000000,0.00000000,0.10994510,0.00000000,0.00000000,0.15358327,0.00000000,0.00000000,0.00000000,0.00000000,0.00000000,0.00000000,0.07714642,0.06592929,0.00000000,0.00000000,0.00000000,0.00000000,0.00000000,0.00000000,0.00000000,0.00000000,0.00000000,0.00000000,0.00000000,0.07799412,0.07717568,0.07492930,0.00000000,0.00000000,0.00000000,0.00000000,0.00000000,0.00000000,0.00000000,0.00000000,0.00000000,0.00000000,0.07526825,0.00000000,0.00000000,0.00000000,0.00000000,0.00000000,0.00000000,0.07509083,0.00000000,0.00000000,0.00000000,0.00000000,0.07489929,0.00000000,0.00000000,0.00000000,0.00000000,0.00000000,0.00000000,0.00000000,0.00000000,0.00000000,0.00000000,0.00000000,0.00000000,0.00000000,0.00000000
P345,0.00000000,0.00000000,0.00000000,0.00000000,0.00000000,0.00000000,0.00000000,0.00000000,0.00000000,0.00000000,0.00000000,0.00000000,0.00000000,0.00000000,0.00000000,0.00000000,0.00000000,0.00000000,0.00000000,0.06309809,0.06089708,0.00000000,0.00000000,0.00000000,0.00000000,0.07187232,0.00000000,0.00000000,0.00000000,0.00000000,0.00000000,0.13686867,0.09701760,0.00000000,0.00000000,0.00000000,0.00000000,0.07206271,0.00000000,0.00000000,0.00000000,0.00000000,0.00000000,0.07162359,0.06635860,0.00000000,0.00000000,0.00000000,0.00000000,0.00000000,0.07329309,0.07126051,0.00000000,0.00000000,0.00000000,0.00000000,0.00000000,0.00000000,0.07310264,0.00000000,0.00000000,0.00000000,0.00000000,0.07158267,0.00000000,0.00000000,0.00000000,0.00000000,0.00000000,0.00000000,0.00000000,0.00000000,0.00000000,0.00000000,0.00000000,0.00000000,0.00000000,0.00000000,0.00000000,0.00000000,0.00000000,0.00000000,0.00000000,0.00000000,0.00000000,0.00000000,0.00000000,0.00000000,0.07096238,0.00000000
P349,0.00000000,0.00000000,0.00000000,0.00000000,0.00000000,0.00000000,0.00000000,0.00000000,0.00000000,0.00000000,0.00000000,0.00000000,0.00000000,0.00000000,0.00000000,0.00000000,0.00000000,0.00000000,0.00000000,0.00000000,0.00000000,0.00000000,0.00000000,0.00000000,0.00000000,0.09402350,0.00000000,0.00000000,0.00000000,0.00000000,0.00000000,0.13832837,0.19514832,0.00000000,0.00000000,0.00000000,0.00000000,0.09515525,0.00000000,0.00000000,0.00000000,0.00000000,0.09549435,0.09481763,0.00000000,0.00000000,0.00000000,0.00000000,0.00000000,0.00000000,0.09647053,0.00000000,0.00000000,0.00000000,0.00000000,0.00000000,0.00000000,0.00000000,0.09618205,0.00000000,0.00000000,0.09438001,0.00000000,0.00000000,0.00000000,0.00000000,0.00000000,0.00000000,0.00000000,0.00000000,0.00000000,0.00000000,0.00000000,0.00000000,0.00000000,0.00000000,0.00000000,0.00000000,0.00000000,0.00000000,0.00000000,0.00000000,0.00000000,0.00000000,0.00000000,0.00000000,0.00000000,0.00000000,0.00000000,0.00000000
P362,0.00000000,0.00000000,0.00000000,0.00000000,0.00000000,0.00000000,0.00000000,0.00000000,0.00000000,0.00000000,0.00000000,0.00000000,0.00000000,0.00000000,0.00000000,0.00000000,0.00000000,0.08596849,0.07226548,0.00000000,0.00000000,0.00000000,0.08465908,0.08761369,0.00000000,0.09169499,0.00000000,0.00000000,0.00000000,0.00000000,0.00000000,0.00000000,0.00000000,0.18203424,0.00000000,0.00000000,0.08996058,0.00000000,0.00000000,0.00000000,0.00000000,0.08868422,0.08556072,0.00000000,0.00000000,0.00000000,0.00000000,0.00000000,0.00000000,0.00000000,0.00000000,0.00000000,0.00000000,0.00000000,0.00000000,0.00000000,0.00000000,0.00000000,0.00000000,0.00000000,0.00000000,0.00000000,0.00000000,0.00000000,0.00000000,0.00000000,0.00000000,0.00000000,0.00000000,0.00000000,0.00000000,0.00000000,0.00000000,0.00000000,0.00000000,0.13155852,0.00000000,0.00000000,0.00000000,0.00000000,0.00000000,0.00000000,0.00000000,0.00000000,0.00000000,0.00000000,0.00000000,0.00000000,0.00000000,0.00000000
P364,0.00000000,0.00000000,0.00000000,0.00000000,0.08874107,0.00000000,0.00000000,0.00000000,0.00000000,0.00000000,0.00000000,0.00000000,0.00000000,0.00000000,0.00000000,0.06700954,0.00000000,0.00000000,0.00000000,0.00000000,0.00000000,0.00000000,0.00000000,0.00000000,0.00000000,0.00000000,0.00000000,0.00000000,0.00000000,0.00000000,0.00000000,0.00000000,0.00000000,0.00000000,0.13648093,0.10614600,0.00000000,0.07026154,0.00000000,0.00000000,0.00000000,0.00000000,0.00000000,0.00000000,0.00000000,0.00000000,0.00000000,0.00000000,0.00000000,0.00000000,0.06987853,0.07059156,0.00000000,0.00000000,0.00000000,0.00000000,0.00000000,0.07568346,0.06951776,0.00000000,0.00000000,0.00000000,0.00000000,0.00000000,0.07950789,0.00000000,0.00000000,0.00000000,0.00000000,0.00000000,0.00000000,0.00000000,0.00000000,0.00000000,0.10044646,0.00000000,0.00000000,0.06573533,0.00000000,0.00000000,0.00000000,0.00000000,0.00000000,0.00000000,0.00000000,0.00000000,0.00000000,0.00000000,0.00000000,0.00000000
P365,0.00000000,0.00000000,0.00000000,0.00000000,0.08684630,0.00000000,0.00000000,0.00000000,0.00000000,0.00000000,0.00000000,0.00000000,0.00000000,0.00000000,0.00000000,0.06808612,0.00000000,0.00000000,0.00000000,0.00000000,0.00000000,0.00000000,0.00000000,0.00000000,0.00000000,0.00000000,0.00000000,0.00000000,0.00000000,0.00000000,0.00000000,0.00000000,0.00000000,0.00000000,0.10440500,0.13424237,0.00000000,0.07076631,0.00000000,0.00000000,0.00000000,0.07050885,0.08485727,0.00000000,0.00000000,0.00000000,0.00000000,0.00000000,0.00000000,0.00000000,0.00000000,0.00000000,0.00000000,0.00000000,0.00000000,0.00000000,0.00000000,0.07442100,0.06997436,0.00000000,0.00000000,0.00000000,0.00000000,0.00000000,0.07087154,0.00000000,0.00000000,0.00000000,0.00000000,0.00000000,0.00000000,0.00000000,0.00000000,0.00000000,0.10690149,0.00000000,0.00000000,0.00000000,0.00000000,0.00000000,0.00000000,0.00000000,0.00000000,0.00000000,0.00000000,0.00000000,0.00000000,0.05811942,0.00000000,0.00000000
P366,0.00000000,0.00000000,0.00000000,0.00000000,0.00000000,0.00000000,0.04242847,0.04100782,0.05334087,0.00000000,0.00000000,0.00000000,0.00000000,0.00000000,0.00000000,0.00000000,0.00000000,0.00000000,0.00000000,0.00000000,0.00000000,0.00000000,0.04060692,0.03725621,0.04009000,0.00000000,0.00000000,0.00000000,0.04049533,0.00000000,0.00000000,0.00000000,0.00000000,0.04046164,0.00000000,0.00000000,0.08187369,0.05685401,0.00000000,0.00000000,0.00000000,0.00000000,0.00000000,0.00000000,0.00000000,0.03956603,0.00000000,0.00000000,0.00000000,0.03824442,0.04401845,0.00000000,0.00000000,0.04325460,0.00000000,0.03905661,0.04327286,0.04331030,0.04506691,0.00000000,0.00000000,0.04368178,0.00000000,0.04429484,0.00000000,0.00000000,0.00000000,0.00000000,0.00000000,0.00000000,0.00000000,0.00000000,0.00000000,0.00000000,0.05905842,0.00000000,0.04275977,0.00000000,0.00000000,0.00000000,0.00000000,0.00000000,0.00000000,0.00000000,0.00000000,0.00000000,0.00000000,0.00000000,0.00000000,0.00000000
P367,0.00000000,0.00000000,0.00000000,0.01468374,0.00000000,0.00000000,0.02437580,0.01618809,0.01502712,0.00000000,0.01606755,0.01705192,0.01643376,0.01076032,0.01627425,0.00000000,0.01521565,0.00000000,0.00000000,0.00000000,0.00000000,0.00000000,0.00000000,0.00000000,0.01586015,0.00000000,0.00000000,0.01708939,0.01577855,0.01556879,0.01610534,0.01688124,0.01563385,0.00000000,0.01650607,0.01690187,0.02226458,0.03206254,0.00000000,0.02347748,0.02483502,0.02336461,0.01827174,0.00000000,0.00000000,0.00000000,0.01551101,0.01228741,0.02327773,0.01532370,0.01888954,0.01857460,0.01768608,0.02361581,0.02336116,0.01498372,0.01829070,0.01845083,0.01908262,0.00000000,0.01738526,0.01826238,0.01771026,0.01851860,0.01691412,0.01512062,0.01600069,0.00000000,0.00000000,0.00000000,0.01756746,0.00000000,0.01230187,0.01303042,0.00000000,0.01767560,0.01744630,0.00000000,0.00000000,0.00000000,0.01524774,0.01581895,0.01492983,0.01625797,0.01624086,0.00000000,0.00000000,0.01395286,0.01760384,0.00000000
P370,0.00000000,0.00000000,0.00000000,0.00000000,0.00000000,0.00000000,0.00000000,0.00000000,0.00000000,0.00000000,0.00000000,0.00000000,0.00000000,0.00000000,0.00000000,0.00000000,0.00000000,0.00000000,0.00000000,0.00000000,0.00000000,0.07767451,0.00000000,0.00000000,0.00000000,0.00000000,0.00000000,0.08614738,0.00000000,0.00000000,0.07914412,0.00000000,0.00000000,0.00000000,0.00000000,0.00000000,0.00000000,0.00000000,0.18436745,0.08203880,0.00000000,0.00000000,0.00000000,0.11403783,0.00000000,0.00000000,0.00000000,0.00000000,0.00000000,0.00000000,0.07941992,0.00000000,0.00000000,0.00000000,0.00000000,0.00000000,0.00000000,0.00000000,0.00000000,0.00000000,0.00000000,0.00000000,0.00000000,0.00000000,0.00000000,0.00000000,0.00000000,0.00000000,0.00000000,0.00000000,0.08103470,0.00000000,0.00000000,0.00000000,0.00000000,0.00000000,0.09672169,0.00000000,0.00000000,0.00000000,0.11941362,0.00000000,0.00000000,0.00000000,0.00000000,0.00000000,0.00000000,0.00000000,0.00000000,0.00000000
P374,0.00000000,0.00000000,0.00000000,0.00000000,0.00000000,0.00000000,0.00000000,0.00000000,0.00000000,0.00000000,0.00000000,0.00000000,0.00000000,0.00000000,0.00000000,0.00000000,0.00000000,0.00000000,0.00000000,0.00000000,0.00000000,0.00000000,0.00000000,0.00000000,0.00000000,0.00000000,0.00000000,0.00000000,0.00000000,0.00000000,0.00000000,0.00000000,0.00000000,0.00000000,0.00000000,0.00000000,0.00000000,0.11536325,0.07010499,0.15754835,0.00000000,0.10951895,0.00000000,0.00000000,0.00000000,0.00000000,0.00000000,0.00000000,0.00000000,0.00000000,0.07733115,0.00000000,0.00000000,0.00000000,0.08008756,0.00000000,0.00000000,0.00000000,0.07856959,0.07456593,0.00000000,0.00000000,0.07749317,0.07914988,0.00000000,0.00000000,0.00000000,0.00000000,0.00000000,0.00000000,0.08026723,0.00000000,0.00000000,0.00000000,0.00000000,0.00000000,0.00000000,0.00000000,0.00000000,0.00000000,0.00000000,0.00000000,0.00000000,0.00000000,0.00000000,0.00000000,0.00000000,0.00000000,0.00000000,0.00000000
P375,0.00000000,0.00000000,0.00000000,0.00000000,0.00000000,0.00000000,0.00000000,0.06346685,0.05843278,0.00000000,0.00000000,0.00000000,0.00000000,0.00000000,0.00000000,0.00000000,0.00000000,0.00000000,0.00000000,0.00000000,0.00000000,0.00000000,0.00000000,0.00000000,0.00000000,0.00000000,0.00000000,0.00000000,0.00000000,0.00000000,0.00000000,0.00000000,0.00000000,0.00000000,0.00000000,0.00000000,0.00000000,0.09995893,0.00000000,0.00000000,0.12904911,0.00000000,0.00000000,0.00000000,0.00000000,0.00000000,0.06025489,0.00000000,0.00000000,0.00000000,0.06778719,0.00000000,0.00000000,0.09701902,0.00000000,0.00000000,0.06995483,0.08969948,0.06807098,0.00000000,0.00000000,0.06867146,0.00000000,0.06816550,0.00000000,0.05946893,0.00000000,0.00000000,0.00000000,0.00000000,0.00000000,0.00000000,0.00000000,0.00000000,0.00000000,0.00000000,0.00000000,0.00000000,0.00000000,0.00000000,0.00000000,0.00000000,0.00000000,0.00000000,0.00000000,0.00000000,0.00000000,0.00000000,0.00000000,0.00000000
P376,0.00000000,0.00000000,0.00000000,0.00000000,0.00000000,0.00000000,0.06913525,0.00000000,0.00000000,0.03100790,0.04419795,0.00000000,0.00000000,0.00000000,0.00000000,0.00000000,0.00000000,0.00000000,0.00000000,0.00000000,0.00000000,0.03791454,0.00000000,0.00000000,0.00000000,0.00000000,0.00000000,0.00000000,0.00000000,0.00000000,0.00000000,0.00000000,0.00000000,0.04450892,0.00000000,0.04798526,0.00000000,0.06657551,0.00000000,0.06350812,0.00000000,0.09135953,0.00000000,0.00000000,0.04452710,0.05866811,0.00000000,0.00000000,0.00000000,0.00000000,0.04916301,0.04857004,0.00000000,0.00000000,0.07222988,0.00000000,0.00000000,0.00000000,0.05064351,0.00000000,0.00000000,0.04857695,0.00000000,0.05060557,0.00000000,0.00000000,0.00000000,0.00000000,0.00000000,0.00000000,0.04945295,0.03136994,0.00000000,0.00000000,0.00000000,0.00000000,0.00000000,0.00000000,0.00000000,0.00000000,0.00000000,0.00000000,0.00000000,0.00000000,0.00000000,0.00000000,0.00000000,0.00000000,0.00000000,0.00000000
P377,0.00000000,0.00000000,0.00000000,0.00000000,0.00000000,0.00000000,0.00000000,0.00000000,0.03982411,0.00000000,0.00000000,0.00000000,0.00000000,0.02222623,0.00000000,0.03263147,0.00000000,0.00000000,0.00000000,0.00000000,0.00000000,0.00000000,0.03331234,0.00000000,0.00000000,0.00000000,0.00000000,0.00000000,0.03284243,0.03110470,0.00000000,0.00000000,0.03234469,0.03106786,0.00000000,0.04178203,0.00000000,0.03766795,0.00000000,0.00000000,0.00000000,0.00000000,0.06609827,0.03461020,0.04064143,0.04615989,0.00000000,0.00000000,0.00000000,0.00000000,0.03728174,0.03671364,0.00000000,0.00000000,0.03633758,0.03041172,0.00000000,0.03570039,0.03751159,0.00000000,0.00000000,0.03659556,0.00000000,0.03613251,0.00000000,0.00000000,0.00000000,0.00000000,0.03405774,0.00000000,0.00000000,0.02275744,0.00000000,0.00000000,0.00000000,0.03539886,0.03458838,0.03112910,0.00000000,0.00000000,0.00000000,0.00000000,0.00000000,0.03307018,0.00000000,0.00000000,0.00000000,0.00000000,0.00000000,0.00000000
P380,0.00000000,0.00000000,0.00000000,0.00000000,0.00000000,0.00000000,0.00000000,0.00000000,0.05720013,0.00000000,0.00000000,0.00000000,0.00000000,0.00000000,0.00000000,0.00000000,0.06157131,0.00000000,0.00000000,0.00000000,0.00000000,0.04583051,0.00000000,0.00000000,0.00000000,0.00000000,0.00000000,0.00000000,0.00000000,0.00000000,0.00000000,0.05721993,0.05312753,0.00000000,0.00000000,0.00000000,0.00000000,0.00000000,0.06763321,0.00000000,0.00000000,0.00000000,0.05725446,0.10934409,0.06974496,0.00000000,0.00000000,0.00000000,0.00000000,0.00000000,0.00000000,0.05727490,0.00000000,0.00000000,0.05934753,0.00000000,0.00000000,0.00000000,0.05738391,0.00000000,0.00000000,0.00000000,0.00000000,0.05688027,0.00000000,0.00000000,0.00000000,0.00000000,0.00000000,0.00000000,0.05672859,0.00000000,0.00000000,0.00000000,0.00000000,0.00000000,0.00000000,0.07942002,0.00000000,0.00000000,0.00000000,0.00000000,0.00000000,0.00000000,0.05403863,0.00000000,0.00000000,0.00000000,0.00000000,0.00000000
P382,0.00000000,0.00000000,0.00000000,0.00000000,0.00000000,0.00000000,0.00000000,0.00000000,0.00000000,0.00000000,0.00000000,0.00000000,0.00000000,0.00000000,0.00000000,0.00000000,0.00000000,0.00000000,0.00000000,0.00000000,0.00000000,0.00000000,0.00000000,0.00000000,0.00000000,0.00000000,0.00000000,0.00000000,0.00000000,0.00000000,0.00000000,0.09337837,0.00000000,0.00000000,0.00000000,0.00000000,0.00000000,0.00000000,0.00000000,0.00000000,0.00000000,0.09386933,0.11842192,0.12284873,0.19259860,0.00000000,0.00000000,0.00000000,0.00000000,0.00000000,0.00000000,0.09407385,0.00000000,0.00000000,0.09606015,0.00000000,0.00000000,0.00000000,0.09432627,0.00000000,0.00000000,0.00000000,0.00000000,0.09442277,0.00000000,0.00000000,0.00000000,0.00000000,0.00000000,0.00000000,0.00000000,0.00000000,0.00000000,0.00000000,0.00000000,0.00000000,0.00000000,0.00000000,0.00000000,0.00000000,0.00000000,0.00000000,0.00000000,0.00000000,0.00000000,0.00000000,0.00000000,0.00000000,0.00000000,0.00000000
P383,0.00000000,0.00000000,0.00000000,0.00000000,0.00000000,0.00000000,0.00000000,0.07254795,0.06563023,0.04966465,0.00000000,0.00000000,0.00000000,0.00000000,0.00000000,0.00000000,0.00000000,0.07267974,0.00000000,0.00000000,0.00000000,0.00000000,0.00000000,0.00000000,0.00000000,0.00000000,0.00000000,0.00000000,0.00000000,0.00000000,0.00000000,0.00000000,0.00000000,0.00000000,0.00000000,0.00000000,0.07010287,0.00000000,0.00000000,0.00000000,0.00000000,0.09315497,0.10130537,0.00000000,0.00000000,0.14506336,0.00000000,0.00000000,0.00000000,0.00000000,0.00000000,0.00000000,0.00000000,0.00000000,0.00000000,0.06948036,0.00000000,0.00000000,0.07177033,0.00000000,0.00000000,0.00000000,0.00000000,0.07067642,0.00000000,0.00000000,0.07010851,0.00000000,0.00000000,0.00000000,0.00000000,0.04781520,0.00000000,0.00000000,0.00000000,0.00000000,0.00000000,0.00000000,0.00000000,0.00000000,0.00000000,0.00000000,0.00000000,0.00000000,0.00000000,0.00000000,0.00000000,0.00000000,0.00000000,0.00000000
P385,0.00000000,0.00000000,0.00000000,0.00000000,0.00000000,0.00000000,0.00000000,0.00000000,0.00000000,0.00000000,0.00000000,0.00000000,0.00000000,0.00000000,0.00000000,0.00000000,0.00000000,0.00000000,0.00000000,0.00000000,0.00000000,0.00000000,0.00000000,0.00000000,0.00000000,0.00000000,0.00000000,0.00000000,0.00000000,0.00000000,0.00000000,0.00000000,0.00000000,0.00000000,0.00000000,0.00000000,0.00000000,0.09870642,0.00000000,0.00000000,0.09526657,0.00000000,0.00000000,0.00000000,0.00000000,0.00000000,0.20403431,0.00000000,0.00000000,0.00000000,0.09744851,0.09351096,0.00000000,0.00000000,0.00000000,0.00000000,0.09609555,0.12555760,0.00000000,0.00000000,0.00000000,0.09358580,0.09579426,0.00000000,0.00000000,0.00000000,0.00000000,0.00000000,0.00000000,0.00000000,0.00000000,0.00000000,0.00000000,0.00000000,0.00000000,0.00000000,0.00000000,0.00000000,0.00000000,0.00000000,0.00000000,0.00000000,0.00000000,0.00000000,0.00000000,0.00000000,0.00000000,0.00000000,0.00000000,0.00000000
P387,0.00000000,0.00000000,0.00000000,0.00000000,0.00000000,0.00000000,0.00000000,0.00000000,0.00000000,0.00000000,0.00000000,0.00000000,0.00000000,0.00000000,0.00000000,0.11402906,0.00000000,0.00000000,0.00000000,0.00000000,0.00000000,0.00000000,0.00000000,0.00000000,0.00000000,0.00000000,0.00000000,0.00000000,0.00000000,0.00000000,0.00000000,0.00000000,0.00000000,0.00000000,0.00000000,0.00000000,0.00000000,0.08895087,0.00000000,0.00000000,0.00000000,0.00000000,0.00000000,0.00000000,0.00000000,0.00000000,0.00000000,0.23210680,0.00000000,0.00000000,0.00000000,0.00000000,0.00000000,0.00000000,0.00000000,0.00000000,0.00000000,0.11498906,0.08997595,0.00000000,0.00000000,0.08949193,0.09161319,0.09118818,0.00000000,0.00000000,0.00000000,0.00000000,0.08765497,0.00000000,0.00000000,0.00000000,0.00000000,0.00000000,0.00000000,0.00000000,0.00000000,0.00000000,0.00000000,0.00000000,0.00000000,0.00000000,0.00000000,0.00000000,0.00000000,0.00000000,0.00000000,0.00000000,0.00000000,0.00000000
P395,0.00000000,0.00000000,0.00000000,0.00000000,0.00000000,0.00000000,0.00000000,0.00000000,0.00000000,0.00000000,0.00000000,0.00000000,0.00000000,0.00000000,0.00000000,0.00000000,0.00000000,0.00000000,0.00000000,0.00000000,0.00000000,0.00000000,0.00000000,0.00000000,0.00000000,0.00000000,0.00000000,0.00000000,0.00000000,0.00000000,0.00000000,0.00000000,0.00000000,0.00000000,0.00000000,0.00000000,0.00000000,0.11570729,0.00000000,0.00000000,0.00000000,0.00000000,0.00000000,0.00000000,0.00000000,0.00000000,0.00000000,0.00000000,0.15937416,0.00000000,0.08296724,0.08153404,0.08457649,0.00000000,0.00000000,0.00000000,0.00000000,0.00000000,0.08084147,0.07456589,0.00000000,0.08412430,0.00000000,0.00000000,0.00000000,0.00000000,0.00000000,0.06698446,0.00000000,0.00000000,0.08841555,0.00000000,0.00000000,0.00000000,0.00000000,0.08090912,0.00000000,0.00000000,0.00000000,0.00000000,0.00000000,0.00000000,0.00000000,0.00000000,0.00000000,0.00000000,0.00000000,0.00000000,0.00000000,0.00000000
P397,0.00000000,0.00000000,0.00000000,0.00000000,0.00000000,0.00000000,0.00000000,0.00000000,0.00000000,0.00000000,0.09242058,0.00000000,0.00000000,0.00000000,0.00000000,0.00000000,0.00000000,0.00000000,0.00000000,0.00000000,0.00000000,0.00000000,0.00000000,0.00000000,0.00000000,0.00000000,0.00000000,0.00000000,0.00000000,0.00000000,0.00000000,0.00000000,0.00000000,0.00000000,0.00000000,0.00000000,0.08697135,0.08898527,0.00000000,0.00000000,0.00000000,0.00000000,0.00000000,0.00000000,0.00000000,0.00000000,0.00000000,0.00000000,0.00000000,0.18618833,0.12637801,0.00000000,0.00000000,0.00000000,0.00000000,0.00000000,0.00000000,0.00000000,0.08671913,0.00000000,0.08691277,0.12096260,0.00000000,0.12446196,0.00000000,0.00000000,0.00000000,0.00000000,0.00000000,0.00000000,0.00000000,0.00000000,0.00000000,0.00000000,0.00000000,0.00000000,0.00000000,0.00000000,0.00000000,0.00000000,0.00000000,0.00000000,0.00000000,0.00000000,0.00000000,0.00000000,0.00000000,0.00000000,0.00000000,0.00000000
P398,0.00000000,0.01494966,0.01310725,0.01344116,0.00000000,0.01398075,0.01492128,0.00000000,0.00000000,0.00000000,0.00000000,0.01559660,0.01492445,0.00000000,0.01500801,0.00000000,0.01387237,0.01412820,0.00000000,0.01339396,0.01285391,0.01205395,0.00000000,0.00000000,0.00000000,0.01533072,0.00000000,0.01552648,0.00000000,0.01380302,0.01463077,0.01542795,0.01424227,0.00000000,0.01475099,0.00000000,0.01548958,0.01697355,0.01241065,0.01414132,0.01513359,0.01550365,0.01625008,0.00000000,0.00000000,0.00000000,0.01376009,0.00000000,0.01499816,0.01955548,0.02881040,0.01724397,0.02092733,0.00000000,0.01625540,0.00000000,0.01609664,0.01630134,0.01703356,0.01910667,0.02325257,0.02182060,0.01627744,0.02110217,0.00000000,0.01376389,0.01493268,0.01213448,0.01575510,0.01528572,0.01599222,0.00000000,0.01078687,0.00000000,0.01401780,0.01568753,0.01576529,0.01340387,0.01734959,0.01440439,0.01350370,0.01462755,0.01352905,0.01488861,0.01483454,0.00000000,0.01537276,0.01791174,0.01620729,0.01545734
P401,0.02521856,0.01828974,0.02192224,0.01689878,0.00000000,0.02267745,0.00000000,0.00000000,0.00000000,0.00000000,0.00000000,0.01875927,0.01945650,0.01163545,0.01834593,0.00000000,0.01690831,0.00000000,0.00000000,0.01629668,0.00000000,0.00000000,0.00000000,0.00000000,0.00000000,0.01864142,0.00000000,0.00000000,0.00000000,0.01717034,0.01782331,0.01846702,0.00000000,0.00000000,0.01834564,0.00000000,0.00000000,0.02054819,0.00000000,0.00000000,0.00000000,0.01885674,0.01970105,0.01857894,0.01732478,0.00000000,0.01625591,0.00000000,0.01814567,0.00000000,0.02122951,0.03546924,0.02920732,0.00000000,0.01967906,0.00000000,0.01972244,0.00000000,0.02022485,0.00000000,0.02408075,0.02012516,0.01928091,0.00000000,0.00000000,0.01664387,0.01789120,0.02155390,0.01881256,0.01989181,0.01914151,0.00000000,0.00000000,0.00000000,0.01688720,0.01940634,0.01908771,0.01679985,0.00000000,0.02294574,0.01618847,0.01813123,0.02399961,0.01840615,0.01767602,0.00000000,0.01852170,0.00000000,0.02434679,0.01838119
P402,0.06172441,0.00000000,0.03877265,0.03939710,0.00000000,0.00000000,0.00000000,0.00000000,0.00000000,0.00000000,0.00000000,0.00000000,0.04576890,0.00000000,0.00000000,0.00000000,0.00000000,0.00000000,0.00000000,0.00000000,0.00000000,0.00000000,0.00000000,0.00000000,0.00000000,0.00000000,0.00000000,0.00000000,0.00000000,0.00000000,0.04285262,0.00000000,0.00000000,0.00000000,0.00000000,0.00000000,0.00000000,0.04845107,0.00000000,0.00000000,0.00000000,0.00000000,0.00000000,0.00000000,0.00000000,0.00000000,0.00000000,0.00000000,0.04661239,0.00000000,0.06380197,0.07232849,0.08783541,0.00000000,0.00000000,0.00000000,0.00000000,0.00000000,0.04786874,0.04193426,0.06190733,0.04785964,0.00000000,0.00000000,0.00000000,0.00000000,0.00000000,0.05795335,0.00000000,0.04721971,0.00000000,0.00000000,0.00000000,0.00000000,0.00000000,0.04617221,0.00000000,0.00000000,0.00000000,0.05407743,0.00000000,0.00000000,0.00000000,0.00000000,0.00000000,0.00000000,0.00000000,0.00000000,0.04746231,0.00000000
P404,0.00000000,0.00000000,0.00000000,0.00000000,0.00000000,0.00000000,0.00000000,0.00000000,0.06217288,0.00000000,0.00000000,0.00000000,0.00000000,0.00000000,0.00000000,0.00000000,0.00000000,0.06690063,0.00000000,0.00000000,0.00000000,0.00000000,0.00000000,0.00000000,0.00000000,0.00000000,0.03534370,0.00000000,0.00000000,0.00000000,0.00000000,0.00000000,0.00000000,0.00000000,0.00000000,0.00000000,0.07185608,0.10017989,0.00000000,0.00000000,0.10225333,0.00000000,0.00000000,0.00000000,0.00000000,0.00000000,0.00000000,0.00000000,0.00000000,0.00000000,0.00000000,0.00000000,0.00000000,0.13601148,0.10683644,0.00000000,0.09864407,0.00000000,0.07526452,0.00000000,0.00000000,0.07328698,0.00000000,0.07125008,0.00000000,0.00000000,0.00000000,0.00000000,0.00000000,0.00000000,0.00000000,0.00000000,0.00000000,0.00000000,0.00000000,0.00000000,0.00000000,0.00000000,0.00000000,0.00000000,0.00000000,0.00000000,0.00000000,0.00000000,0.00000000,0.00000000,0.00000000,0.00000000,0.00000000,0.00000000
P406,0.00000000,0.00000000,0.00000000,0.00000000,0.00000000,0.00000000,0.05716338,0.00000000,0.00000000,0.00000000,0.00000000,0.00000000,0.00000000,0.00000000,0.00000000,0.00000000,0.03838083,0.00000000,0.00000000,0.00000000,0.00000000,0.00000000,0.00000000,0.00000000,0.00000000,0.00000000,0.00000000,0.00000000,0.00000000,0.00000000,0.00000000,0.00000000,0.00000000,0.00000000,0.00000000,0.00000000,0.00000000,0.05735454,0.00000000,0.04001498,0.00000000,0.06223496,0.04327502,0.04272467,0.03926101,0.00000000,0.00000000,0.00000000,0.00000000,0.00000000,0.04441399,0.04367409,0.00000000,0.06183227,0.07871751,0.00000000,0.05854968,0.00000000,0.04644036,0.00000000,0.00000000,0.04436096,0.04250230,0.04436453,0.00000000,0.00000000,0.00000000,0.00000000,0.00000000,0.00000000,0.00000000,0.00000000,0.00000000,0.00000000,0.00000000,0.00000000,0.04119868,0.03927784,0.03540443,0.00000000,0.00000000,0.00000000,0.00000000,0.00000000,0.03885392,0.00000000,0.00000000,0.00000000,0.00000000,0.00000000
P407,0.00000000,0.00000000,0.00000000,0.00000000,0.00000000,0.00000000,0.00000000,0.09266751,0.00000000,0.00000000,0.00000000,0.00000000,0.00000000,0.00000000,0.00000000,0.00000000,0.00000000,0.00000000,0.00000000,0.00000000,0.00000000,0.00000000,0.00000000,0.00000000,0.00000000,0.00000000,0.00000000,0.00000000,0.00000000,0.00000000,0.00000000,0.00000000,0.00000000,0.00000000,0.00000000,0.00000000,0.09400424,0.09209137,0.00000000,0.00000000,0.00000000,0.00000000,0.09066679,0.00000000,0.00000000,0.09438471,0.00000000,0.00000000,0.00000000,0.00000000,0.00000000,0.00000000,0.00000000,0.00000000,0.00000000,0.19705948,0.00000000,0.00000000,0.12251265,0.00000000,0.00000000,0.00000000,0.00000000,0.12469886,0.00000000,0.00000000,0.00000000,0.00000000,0.09191435,0.00000000,0.00000000,0.00000000,0.00000000,0.00000000,0.00000000,0.00000000,0.00000000,0.00000000,0.00000000,0.00000000,0.00000000,0.00000000,0.00000000,0.00000000,0.00000000,0.00000000,0.00000000,0.00000000,0.00000000,0.00000000
P409,0.00000000,0.00000000,0.00000000,0.00000000,0.00000000,0.00000000,0.00000000,0.00000000,0.00000000,0.00000000,0.00000000,0.00000000,0.00000000,0.00000000,0.04858770,0.00000000,0.04622086,0.00000000,0.00000000,0.00000000,0.00000000,0.00000000,0.00000000,0.00000000,0.00000000,0.00000000,0.00000000,0.00000000,0.00000000,0.00000000,0.00000000,0.00000000,0.00000000,0.00000000,0.00000000,0.00000000,0.05158591,0.05567912,0.00000000,0.00000000,0.05290815,0.00000000,0.00000000,0.00000000,0.00000000,0.00000000,0.04596845,0.00000000,0.00000000,0.00000000,0.05453128,0.05427108,0.00000000,0.07078729,0.07259605,0.00000000,0.09760226,0.00000000,0.07811742,0.00000000,0.05256575,0.05550118,0.00000000,0.07308757,0.00000000,0.04550022,0.00000000,0.00000000,0.00000000,0.00000000,0.00000000,0.00000000,0.00000000,0.00000000,0.00000000,0.00000000,0.00000000,0.00000000,0.00000000,0.00000000,0.00000000,0.00000000,0.00000000,0.00000000,0.00000000,0.04448972,0.00000000,0.00000000,0.00000000,0.00000000
P412,0.00000000,0.00000000,0.00000000,0.00000000,0.03501195,0.00000000,0.00000000,0.00000000,0.00000000,0.00000000,0.00000000,0.00000000,0.00000000,0.02607185,0.00000000,0.04167831,0.00000000,0.00000000,0.00000000,0.00000000,0.00000000,0.00000000,0.00000000,0.00000000,0.00000000,0.00000000,0.02059865,0.00000000,0.00000000,0.00000000,0.00000000,0.00000000,0.00000000,0.00000000,0.04437200,0.04435942,0.04232791,0.04604665,0.00000000,0.00000000,0.05561795,0.00000000,0.04321782,0.00000000,0.00000000,0.00000000,0.04924020,0.03964137,0.00000000,0.00000000,0.04527453,0.00000000,0.00000000,0.00000000,0.00000000,0.00000000,0.00000000,0.08001658,0.06150488,0.00000000,0.00000000,0.04401280,0.04335430,0.04465006,0.06410546,0.05188968,0.00000000,0.00000000,0.00000000,0.00000000,0.00000000,0.00000000,0.00000000,0.03412805,0.04287958,0.00000000,0.00000000,0.00000000,0.00000000,0.00000000,0.00000000,0.00000000,0.00000000,0.00000000,0.00000000,0.00000000,0.00000000,0.00000000,0.00000000,0.00000000
P414,0.00000000,0.01520600,0.00000000,0.01363240,0.01172565,0.00000000,0.01629975,0.00000000,0.01351470,0.01045531,0.01454823,0.01584015,0.00000000,0.00985246,0.00000000,0.01440255,0.01393179,0.01504377,0.00000000,0.00000000,0.00000000,0.00000000,0.01522739,0.00000000,0.01475638,0.01557722,0.00786222,0.01604695,0.01505149,0.01454044,0.00000000,0.01606645,0.01482586,0.00000000,0.01532197,0.01567978,0.01655786,0.01790321,0.00000000,0.01500139,0.01586711,0.01667481,0.01707129,0.01578649,0.01473229,0.01488257,0.00000000,0.01166083,0.01525833,0.01401049,0.01778471,0.01715237,0.01639356,0.01664583,0.01774659,0.01870141,0.02407569,0.02312173,0.03008090,0.00000000,0.00000000,0.01779121,0.01709612,0.01741548,0.02279937,0.01986230,0.01527865,0.00000000,0.00000000,0.00000000,0.02356369,0.01618992,0.01808610,0.01968286,0.00000000,0.01627884,0.00000000,0.01404135,0.00000000,0.00000000,0.01384599,0.01486497,0.00000000,0.00000000,0.01531381,0.00000000,0.01569152,0.01339143,0.01628799,0.00000000
P417,0.00000000,0.00000000,0.00000000,0.00000000,0.00000000,0.00000000,0.00000000,0.00000000,0.00000000,0.00000000,0.00000000,0.08148859,0.00000000,0.00000000,0.00000000,0.00000000,0.00000000,0.00000000,0.00000000,0.00000000,0.00000000,0.00000000,0.00000000,0.00000000,0.00000000,0.00000000,0.00000000,0.00000000,0.00000000,0.00000000,0.00000000,0.00000000,0.00000000,0.00000000,0.00000000,0.00000000,0.00000000,0.00000000,0.00000000,0.08420622,0.00000000,0.00000000,0.00000000,0.00000000,0.00000000,0.00000000,0.00000000,0.00000000,0.08324149,0.00000000,0.11799220,0.00000000,0.08494091,0.00000000,0.00000000,0.00000000,0.00000000,0.00000000,0.00000000,0.17791705,0.00000000,0.00000000,0.11741488,0.12405445,0.00000000,0.00000000,0.00000000,0.00000000,0.00000000,0.00000000,0.12874413,0.00000000,0.00000000,0.00000000,0.00000000,0.00000000,0.00000000,0.00000000,0.00000000,0.00000000,0.00000000,0.00000000,0.00000000,0.00000000,0.00000000,0.00000000,0.00000000,0.00000000,0.00000000,0.00000000
P418,0.00000000,0.04589117,0.00000000,0.00000000,0.00000000,0.00000000,0.00000000,0.00000000,0.00000000,0.00000000,0.06292652,0.00000000,0.00000000,0.00000000,0.00000000,0.00000000,0.00000000,0.00000000,0.00000000,0.00000000,0.00000000,0.00000000,0.00000000,0.00000000,0.00000000,0.00000000,0.00000000,0.00000000,0.00000000,0.00000000,0.00000000,0.00000000,0.00000000,0.00000000,0.00000000,0.00000000,0.00000000,0.04936082,0.00000000,0.00000000,0.00000000,0.00000000,0.00000000,0.00000000,0.00000000,0.00000000,0.00000000,0.00000000,0.00000000,0.04249427,0.07347184,0.06180410,0.06416108,0.00000000,0.00000000,0.00000000,0.04902778,0.00000000,0.00000000,0.00000000,0.09103308,0.06649607,0.00000000,0.05024586,0.00000000,0.00000000,0.04518165,0.00000000,0.04992563,0.00000000,0.00000000,0.00000000,0.00000000,0.03802503,0.00000000,0.00000000,0.00000000,0.00000000,0.05942423,0.00000000,0.00000000,0.00000000,0.04167038,0.00000000,0.00000000,0.00000000,0.04735659,0.00000000,0.00000000,0.06150383
P420,0.00000000,0.02329715,0.00000000,0.02070978,0.01776211,0.00000000,0.02396163,0.00000000,0.00000000,0.01602718,0.00000000,0.00000000,0.00000000,0.00000000,0.00000000,0.00000000,0.00000000,0.00000000,0.00000000,0.00000000,0.00000000,0.00000000,0.00000000,0.00000000,0.00000000,0.00000000,0.00000000,0.00000000,0.00000000,0.00000000,0.00000000,0.00000000,0.02205570,0.00000000,0.00000000,0.00000000,0.02433109,0.02597556,0.00000000,0.00000000,0.02426760,0.02424834,0.02524898,0.00000000,0.00000000,0.00000000,0.02091762,0.01758335,0.02407183,0.02962813,0.03454004,0.02587576,0.02484880,0.02457292,0.02570012,0.00000000,0.02593271,0.02508445,0.02697245,0.00000000,0.03331212,0.04560427,0.03602160,0.03725918,0.00000000,0.02091274,0.02262720,0.01917216,0.02351971,0.00000000,0.03550040,0.00000000,0.00000000,0.02895455,0.00000000,0.02447483,0.00000000,0.00000000,0.00000000,0.00000000,0.02075951,0.00000000,0.00000000,0.00000000,0.02308152,0.00000000,0.02381776,0.02799636,0.00000000,0.02337271
P421,0.00000000,0.00000000,0.00000000,0.00000000,0.00000000,0.00000000,0.00000000,0.00000000,0.00000000,0.04841091,0.00000000,0.00000000,0.00000000,0.00000000,0.00000000,0.00000000,0.00000000,0.00000000,0.00000000,0.00000000,0.00000000,0.00000000,0.00000000,0.00000000,0.00000000,0.00000000,0.00000000,0.00000000,0.00000000,0.00000000,0.00000000,0.00000000,0.00000000,0.00000000,0.00000000,0.00000000,0.00000000,0.05092597,0.00000000,0.04534839,0.00000000,0.00000000,0.00000000,0.00000000,0.00000000,0.00000000,0.04328611,0.03639003,0.00000000,0.00000000,0.05208936,0.05011734,0.00000000,0.00000000,0.04977983,0.00000000,0.00000000,0.04995333,0.05239852,0.06084402,0.00000000,0.07282319,0.09219605,0.07313539,0.00000000,0.00000000,0.00000000,0.00000000,0.00000000,0.00000000,0.00000000,0.00000000,0.00000000,0.06095114,0.00000000,0.00000000,0.00000000,0.00000000,0.05931421,0.00000000,0.00000000,0.00000000,0.00000000,0.00000000,0.00000000,0.00000000,0.00000000,0.04019672,0.00000000,0.06183948
P425,0.00000000,0.00000000,0.00000000,0.01500394,0.00000000,0.00000000,0.01799141,0.02388286,0.00000000,0.01159205,0.01660363,0.01769603,0.00000000,0.01104937,0.01667874,0.01602939,0.00000000,0.01655748,0.00000000,0.00000000,0.00000000,0.00000000,0.00000000,0.00000000,0.00000000,0.01712582,0.00000000,0.01755384,0.00000000,0.00000000,0.01628607,0.01738010,0.00000000,0.00000000,0.00000000,0.00000000,0.01797865,0.01919370,0.00000000,0.01669494,0.01755327,0.01840742,0.01816588,0.01728681,0.01629191,0.01619068,0.00000000,0.01305567,0.00000000,0.02221430,0.02434032,0.00000000,0.00000000,0.01740837,0.01872893,0.02102875,0.02488468,0.01854345,0.01923947,0.02317091,0.01834212,0.02715040,0.02636111,0.03323138,0.01756904,0.00000000,0.01649594,0.00000000,0.01740162,0.00000000,0.02570802,0.00000000,0.01951261,0.02160428,0.00000000,0.00000000,0.01738971,0.01562914,0.01496176,0.00000000,0.01553236,0.00000000,0.01531349,0.01661347,0.01643782,0.00000000,0.01691077,0.02096589,0.01801212,0.01704811
P427,0.00000000,0.00000000,0.00000000,0.00000000,0.06700118,0.00000000,0.00000000,0.00000000,0.00000000,0.00000000,0.00000000,0.00000000,0.00000000,0.00000000,0.00000000,0.08632922,0.00000000,0.00000000,0.00000000,0.00000000,0.00000000,0.00000000,0.00000000,0.00000000,0.00000000,0.00000000,0.00000000,0.00000000,0.00000000,0.00000000,0.00000000,0.00000000,0.00000000,0.00000000,0.09386861,0.08506763,0.00000000,0.08500287,0.00000000,0.00000000,0.00000000,0.00000000,0.00000000,0.00000000,0.00000000,0.00000000,0.00000000,0.00000000,0.00000000,0.00000000,0.00000000,0.00000000,0.00000000,0.00000000,0.00000000,0.00000000,0.00000000,0.12909134,0.12212772,0.00000000,0.00000000,0.00000000,0.00000000,0.08518863,0.16113211,0.00000000,0.00000000,0.00000000,0.00000000,0.00000000,0.00000000,0.00000000,0.00000000,0.00000000,0.08519068,0.00000000,0.00000000,0.00000000,0.00000000,0.00000000,0.00000000,0.00000000,0.00000000,0.00000000,0.00000000,0.00000000,0.00000000,0.00000000,0.00000000,0.00000000
P429,0.00000000,0.00000000,0.00000000,0.00000000,0.00000000,0.00000000,0.00000000,0.00000000,0.00000000,0.00000000,0.00000000,0.00000000,0.00000000,0.00000000,0.00000000,0.00000000,0.00000000,0.00000000,0.00000000,0.00000000,0.00000000,0.00000000,0.00000000,0.00000000,0.00000000,0.00000000,0.00000000,0.00000000,0.00000000,0.00000000,0.00000000,0.00000000,0.00000000,0.00000000,0.00000000,0.00000000,0.00000000,0.09223607,0.00000000,0.00000000,0.09012894,0.00000000,0.00000000,0.00000000,0.00000000,0.00000000,0.00000000,0.00000000,0.00000000,0.00000000,0.09343745,0.09177650,0.00000000,0.00000000,0.00000000,0.00000000,0.09117647,0.12683237,0.12914214,0.00000000,0.00000000,0.08968805,0.00000000,0.00000000,0.00000000,0.19558212,0.00000000,0.00000000,0.00000000,0.00000000,0.00000000,0.00000000,0.00000000,0.00000000,0.00000000,0.00000000,0.00000000,0.00000000,0.00000000,0.00000000,0.00000000,0.00000000,0.00000000,0.00000000,0.00000000,0.00000000,0.00000000,0.00000000,0.00000000,0.00000000
P434,0.00000000,0.00000000,0.00000000,0.00000000,0.00000000,0.00000000,0.00000000,0.06656840,0.00000000,0.06912342,0.00000000,0.00000000,0.00000000,0.00000000,0.00000000,0.00000000,0.00000000,0.00000000,0.00000000,0.00000000,0.00000000,0.00000000,0.00000000,0.00000000,0.00000000,0.00000000,0.03587133,0.00000000,0.00000000,0.00000000,0.00000000,0.00000000,0.00000000,0.00000000,0.00000000,0.00000000,0.00000000,0.06794258,0.00000000,0.00000000,0.00000000,0.00000000,0.00000000,0.00000000,0.00000000,0.06579825,0.00000000,0.00000000,0.00000000,0.00000000,0.07056507,0.06867343,0.00000000,0.00000000,0.00000000,0.00000000,0.00000000,0.00000000,0.06915053,0.00000000,0.06757159,0.06755020,0.00000000,0.06758183,0.00000000,0.00000000,0.13614488,0.00000000,0.08863845,0.00000000,0.00000000,0.00000000,0.00000000,0.00000000,0.00000000,0.00000000,0.00000000,0.00000000,0.00000000,0.00000000,0.00000000,0.00000000,0.00000000,0.00000000,0.00000000,0.00000000,0.00000000,0.05881998,0.00000000,0.00000000
P435,0.00000000,0.00000000,0.00000000,0.00000000,0.00000000,0.00000000,0.00000000,0.00000000,0.00000000,0.00000000,0.00000000,0.00000000,0.00000000,0.00000000,0.00000000,0.00000000,0.00000000,0.00000000,0.00000000,0.00000000,0.00000000,0.00000000,0.00000000,0.00000000,0.00000000,0.00000000,0.00000000,0.00000000,0.00000000,0.00000000,0.00000000,0.00000000,0.00000000,0.00000000,0.00000000,0.00000000,0.00000000,0.00000000,0.00000000,0.00000000,0.00000000,0.00000000,0.00000000,0.00000000,0.00000000,0.00000000,0.00000000,0.00000000,0.08754151,0.00000000,0.08772631,0.12657030,0.13742533,0.00000000,0.00000000,0.00000000,0.00000000,0.00000000,0.00000000,0.00000000,0.00000000,0.08756355,0.00000000,0.00000000,0.00000000,0.00000000,0.00000000,0.20828493,0.00000000,0.00000000,0.08895917,0.00000000,0.00000000,0.00000000,0.00000000,0.00000000,0.00000000,0.00000000,0.00000000,0.00000000,0.00000000,0.08920740,0.00000000,0.00000000,0.00000000,0.00000000,0.00000000,0.00000000,0.08672150,0.00000000
P437,0.06474418,0.00000000,0.00000000,0.00000000,0.00000000,0.00000000,0.00000000,0.04709730,0.00000000,0.04546280,0.06362496,0.00000000,0.00000000,0.03134464,0.00000000,0.00000000,0.00000000,0.00000000,0.00000000,0.00000000,0.00000000,0.00000000,0.00000000,0.00000000,0.00000000,0.00000000,0.00000000,0.00000000,0.00000000,0.00000000,0.00000000,0.00000000,0.00000000,0.00000000,0.00000000,0.00000000,0.00000000,0.00000000,0.00000000,0.00000000,0.00000000,0.00000000,0.04712072,0.00000000,0.00000000,0.00000000,0.00000000,0.03453623,0.00000000,0.00000000,0.05001014,0.04850452,0.00000000,0.00000000,0.00000000,0.04265522,0.00000000,0.00000000,0.00000000,0.00000000,0.05015457,0.04716422,0.00000000,0.04788808,0.00000000,0.00000000,0.05953975,0.00000000,0.09145052,0.06274620,0.00000000,0.00000000,0.00000000,0.00000000,0.00000000,0.00000000,0.00000000,0.00000000,0.05583063,0.00000000,0.00000000,0.00000000,0.00000000,0.00000000,0.00000000,0.00000000,0.00000000,0.00000000,0.04787377,0.06225155
P439,0.08641698,0.00000000,0.05064931,0.00000000,0.00000000,0.07227613,0.00000000,0.00000000,0.00000000,0.00000000,0.05464782,0.07390042,0.00000000,0.03652905,0.00000000,0.00000000,0.00000000,0.00000000,0.00000000,0.00000000,0.00000000,0.00000000,0.00000000,0.00000000,0.00000000,0.00000000,0.00000000,0.00000000,0.00000000,0.00000000,0.00000000,0.00000000,0.00000000,0.00000000,0.00000000,0.00000000,0.00000000,0.00000000,0.00000000,0.00000000,0.00000000,0.00000000,0.00000000,0.00000000,0.00000000,0.00000000,0.00000000,0.00000000,0.00000000,0.00000000,0.05836582,0.06169422,0.05913924,0.00000000,0.00000000,0.00000000,0.00000000,0.00000000,0.00000000,0.00000000,0.00000000,0.00000000,0.00000000,0.00000000,0.00000000,0.00000000,0.00000000,0.00000000,0.07547850,0.11000744,0.00000000,0.00000000,0.04100373,0.00000000,0.00000000,0.00000000,0.00000000,0.00000000,0.00000000,0.08310877,0.00000000,0.00000000,0.00000000,0.00000000,0.00000000,0.07639607,0.00000000,0.00000000,0.06038650,0.00000000
P446,0.00000000,0.00000000,0.00000000,0.00000000,0.00000000,0.00000000,0.00000000,0.00000000,0.00000000,0.00000000,0.00000000,0.00000000,0.00000000,0.00000000,0.00000000,0.00000000,0.00000000,0.00000000,0.00000000,0.00000000,0.00000000,0.03969920,0.00000000,0.00000000,0.00000000,0.00000000,0.00000000,0.00000000,0.00000000,0.00000000,0.04558364,0.00000000,0.00000000,0.00000000,0.00000000,0.00000000,0.00000000,0.05108307,0.04097819,0.04749965,0.00000000,0.05046664,0.00000000,0.04836962,0.00000000,0.00000000,0.00000000,0.00000000,0.05172217,0.00000000,0.05175181,0.05031417,0.00000000,0.00000000,0.00000000,0.00000000,0.00000000,0.00000000,0.07303289,0.06746459,0.00000000,0.07257611,0.00000000,0.07212508,0.00000000,0.00000000,0.00000000,0.03981978,0.00000000,0.00000000,0.09323221,0.00000000,0.00000000,0.05836070,0.00000000,0.00000000,0.00000000,0.00000000,0.00000000,0.00000000,0.00000000,0.04592047,0.00000000,0.00000000,0.00000000,0.00000000,0.00000000,0.00000000,0.00000000,0.00000000
P696,0.00000000,0.00000000,0.00000000,0.00000000,0.00000000,0.00000000,0.00000000,0.00000000,0.00000000,0.00000000,0.00000000,0.00000000,0.00000000,0.00000000,0.00000000,0.00000000,0.00000000,0.07742782,0.00000000,0.00000000,0.00000000,0.00000000,0.00000000,0.07771627,0.00000000,0.00000000,0.00000000,0.00000000,0.00000000,0.00000000,0.00000000,0.00000000,0.00000000,0.00000000,0.00000000,0.00000000,0.00000000,0.00000000,0.00000000,0.00000000,0.00000000,0.08070095,0.08091930,0.00000000,0.00000000,0.07746883,0.00000000,0.00000000,0.00000000,0.00000000,0.00000000,0.00000000,0.00000000,0.00000000,0.00000000,0.00000000,0.00000000,0.00000000,0.12649484,0.00000000,0.00000000,0.00000000,0.00000000,0.00000000,0.00000000,0.00000000,0.00000000,0.00000000,0.00000000,0.00000000,0.00000000,0.23502755,0.16754891,0.00000000,0.00000000,0.00000000,0.00000000,0.00000000,0.00000000,0.00000000,0.00000000,0.00000000,0.00000000,0.00000000,0.00000000,0.00000000,0.00000000,0.07669556,0.00000000,0.00000000
P698,0.07421759,0.00000000,0.00000000,0.00000000,0.00000000,0.00000000,0.00000000,0.00000000,0.00000000,0.00000000,0.00000000,0.00000000,0.00000000,0.00000000,0.00000000,0.00000000,0.00000000,0.00000000,0.00000000,0.00000000,0.00000000,0.00000000,0.00000000,0.00000000,0.00000000,0.00000000,0.00000000,0.00000000,0.00000000,0.00000000,0.00000000,0.00000000,0.00000000,0.00000000,0.00000000,0.00000000,0.00000000,0.07619376,0.00000000,0.00000000,0.00000000,0.00000000,0.00000000,0.00000000,0.00000000,0.00000000,0.00000000,0.00000000,0.00000000,0.00000000,0.07435197,0.00000000,0.00000000,0.00000000,0.00000000,0.00000000,0.00000000,0.00000000,0.11939895,0.00000000,0.00000000,0.00000000,0.00000000,0.11660393,0.00000000,0.00000000,0.00000000,0.00000000,0.00000000,0.07401975,0.00000000,0.14156930,0.19858491,0.12505984,0.00000000,0.00000000,0.00000000,0.00000000,0.00000000,0.00000000,0.00000000,0.00000000,0.00000000,0.00000000,0.00000000,0.00000000,0.00000000,0.00000000,0.00000000,0.00000000
P700,0.00000000,0.00000000,0.00000000,0.00000000,0.00000000,0.00000000,0.00000000,0.00000000,0.00000000,0.00000000,0.00000000,0.00000000,0.00000000,0.00000000,0.00000000,0.00000000,0.00000000,0.00000000,0.00000000,0.00000000,0.00000000,0.00000000,0.00000000,0.00000000,0.00000000,0.00000000,0.00000000,0.00000000,0.00000000,0.00000000,0.00000000,0.00000000,0.00000000,0.00000000,0.00000000,0.00000000,0.00000000,0.06654971,0.00000000,0.00000000,0.00000000,0.00000000,0.00000000,0.00000000,0.00000000,0.00000000,0.00000000,0.00000000,0.00000000,0.00000000,0.00000000,0.00000000,0.00000000,0.00000000,0.00000000,0.00000000,0.00000000,0.06984206,0.10714772,0.00000000,0.06839997,0.10396730,0.10825676,0.10645769,0.00000000,0.00000000,0.00000000,0.00000000,0.00000000,0.00000000,0.10250381,0.00000000,0.10312339,0.16375160,0.00000000,0.00000000,0.00000000,0.00000000,0.00000000,0.00000000,0.00000000,0.00000000,0.00000000,0.00000000,0.00000000,0.00000000,0.00000000,0.00000000,0.00000000,0.00000000
P732,0.00000000,0.00000000,0.00000000,0.00000000,0.09931844,0.00000000,0.00000000,0.00000000,0.00000000,0.00000000,0.00000000,0.00000000,0.00000000,0.00000000,0.00000000,0.07805196,0.00000000,0.00000000,0.00000000,0.00000000,0.00000000,0.00000000,0.00000000,0.00000000,0.00000000,0.00000000,0.00000000,0.00000000,0.00000000,0.00000000,0.00000000,0.00000000,0.00000000,0.00000000,0.11464631,0.12404850,0.11236598,0.00000000,0.00000000,0.00000000,0.00000000,0.00000000,0.00000000,0.00000000,0.00000000,0.00000000,0.00000000,0.00000000,0.00000000,0.00000000,0.07579277,0.07416571,0.00000000,0.00000000,0.00000000,0.00000000,0.00000000,0.08347720,0.00000000,0.00000000,0.00000000,0.00000000,0.00000000,0.00000000,0.08235830,0.00000000,0.00000000,0.00000000,0.00000000,0.00000000,0.00000000,0.00000000,0.00000000,0.00000000,0.15577486,0.00000000,0.00000000,0.00000000,0.00000000,0.00000000,0.00000000,0.00000000,0.00000000,0.00000000,0.00000000,0.00000000,0.00000000,0.00000000,0.00000000,0.00000000
P733,0.00000000,0.00000000,0.00000000,0.00000000,0.00000000,0.00000000,0.00000000,0.00000000,0.00000000,0.00000000,0.00000000,0.00000000,0.00000000,0.00000000,0.00000000,0.00000000,0.00000000,0.00000000,0.00000000,0.00000000,0.00000000,0.00000000,0.00000000,0.00000000,0.00000000,0.00000000,0.00000000,0.00000000,0.00000000,0.06286588,0.06506619,0.00000000,0.00000000,0.09642452,0.00000000,0.00000000,0.00000000,0.07355259,0.00000000,0.00000000,0.00000000,0.00000000,0.07145304,0.00000000,0.00000000,0.00000000,0.00000000,0.00000000,0.06773312,0.00000000,0.07264855,0.07299840,0.07013465,0.00000000,0.00000000,0.00000000,0.00000000,0.00000000,0.07220284,0.00000000,0.00000000,0.07160374,0.00000000,0.00000000,0.00000000,0.00000000,0.00000000,0.00000000,0.00000000,0.00000000,0.00000000,0.00000000,0.00000000,0.00000000,0.00000000,0.13342020,0.00000000,0.00000000,0.00000000,0.00000000,0.00000000,0.00000000,0.00000000,0.00000000,0.00000000,0.00000000,0.00000000,0.00000000,0.06989627,0.00000000
P734,0.00000000,0.00000000,0.00000000,0.00000000,0.00000000,0.00000000,0.00000000,0.00000000,0.00000000,0.00000000,0.00000000,0.00000000,0.00000000,0.00000000,0.00000000,0.00000000,0.00000000,0.00000000,0.00000000,0.00000000,0.00000000,0.00000000,0.00000000,0.00000000,0.00000000,0.00000000,0.00000000,0.08509009,0.00000000,0.00000000,0.00000000,0.00000000,0.00000000,0.00000000,0.00000000,0.00000000,0.08374559,0.08725219,0.08412219,0.00000000,0.00000000,0.00000000,0.08390950,0.00000000,0.00000000,0.00000000,0.00000000,0.00000000,0.00000000,0.00000000,0.08774520,0.08629246,0.00000000,0.00000000,0.08392336,0.00000000,0.00000000,0.00000000,0.00000000,0.00000000,0.00000000,0.00000000,0.00000000,0.08391021,0.00000000,0.00000000,0.00000000,0.00000000,0.00000000,0.00000000,0.00000000,0.00000000,0.00000000,0.00000000,0.00000000,0.00000000,0.16035073,0.00000000,0.00000000,0.00000000,0.07365845,0.00000000,0.00000000,0.00000000,0.00000000,0.00000000,0.00000000,0.00000000,0.00000000,0.00000000
P784,0.00000000,0.00000000,0.00000000,0.00000000,0.00000000,0.00000000,0.00000000,0.00000000,0.00000000,0.00000000,0.00000000,0.00000000,0.00000000,0.00000000,0.00000000,0.00000000,0.00000000,0.00000000,0.00000000,0.00000000,0.00000000,0.00000000,0.00000000,0.00000000,0.00000000,0.00000000,0.00000000,0.00000000,0.00000000,0.00000000,0.00000000,0.00000000,0.00000000,0.00000000,0.09530183,0.00000000,0.00000000,0.00000000,0.00000000,0.00000000,0.00000000,0.00000000,0.09318604,0.14371730,0.00000000,0.00000000,0.00000000,0.00000000,0.00000000,0.00000000,0.09205666,0.09371906,0.00000000,0.00000000,0.09873032,0.00000000,0.00000000,0.00000000,0.09236179,0.00000000,0.00000000,0.00000000,0.00000000,0.09305958,0.00000000,0.00000000,0.00000000,0.00000000,0.00000000,0.00000000,0.00000000,0.00000000,0.00000000,0.00000000,0.00000000,0.00000000,0.00000000,0.19786745,0.00000000,0.00000000,0.00000000,0.00000000,0.00000000,0.00000000,0.00000000,0.00000000,0.00000000,0.00000000,0.00000000,0.00000000
PCOL,0.00000000,0.00000000,0.00000000,0.00000000,0.00000000,0.00000000,0.00000000,0.11873001,0.00000000,0.00000000,0.00000000,0.00000000,0.00000000,0.00000000,0.00000000,0.00000000,0.00000000,0.00000000,0.00000000,0.00000000,0.00000000,0.00000000,0.00000000,0.00000000,0.00000000,0.00000000,0.00000000,0.00000000,0.00000000,0.00000000,0.00000000,0.00000000,0.00000000,0.00000000,0.00000000,0.00000000,0.00000000,0.00000000,0.00000000,0.00000000,0.00000000,0.00000000,0.00000000,0.00000000,0.00000000,0.00000000,0.00000000,0.00000000,0.00000000,0.00000000,0.10370658,0.00000000,0.00000000,0.00000000,0.07745557,0.00000000,0.00000000,0.00000000,0.00000000,0.00000000,0.11241668,0.00000000,0.11079314,0.07753554,0.00000000,0.00000000,0.00000000,0.00000000,0.10513631,0.00000000,0.00000000,0.00000000,0.00000000,0.00000000,0.00000000,0.00000000,0.00000000,0.00000000,0.17221320,0.00000000,0.00000000,0.00000000,0.00000000,0.00000000,0.00000000,0.00000000,0.00000000,0.00000000,0.00000000,0.12201301
PGC5,0.11107673,0.00000000,0.00000000,0.00000000,0.00000000,0.10063217,0.00000000,0.00000000,0.00000000,0.00000000,0.00000000,0.09835108,0.00000000,0.00000000,0.00000000,0.00000000,0.00000000,0.00000000,0.00000000,0.00000000,0.00000000,0.00000000,0.00000000,0.00000000,0.00000000,0.00000000,0.00000000,0.00000000,0.00000000,0.00000000,0.00000000,0.00000000,0.00000000,0.00000000,0.00000000,0.00000000,0.00000000,0.00000000,0.00000000,0.00000000,0.00000000,0.00000000,0.00000000,0.00000000,0.00000000,0.00000000,0.00000000,0.00000000,0.00000000,0.00000000,0.07219662,0.09341601,0.08890326,0.00000000,0.00000000,0.00000000,0.00000000,0.00000000,0.00000000,0.00000000,0.00000000,0.00000000,0.00000000,0.00000000,0.00000000,0.00000000,0.00000000,0.00000000,0.00000000,0.10909279,0.00000000,0.00000000,0.00000000,0.00000000,0.00000000,0.00000000,0.00000000,0.00000000,0.00000000,0.14440134,0.00000000,0.00000000,0.00000000,0.00000000,0.00000000,0.10546286,0.00000000,0.00000000,0.07646711,0.00000000
PSPT,0.00000000,0.00000000,0.00000000,0.00000000,0.00000000,0.00000000,0.00000000,0.00000000,0.00000000,0.00000000,0.00000000,0.00000000,0.00000000,0.00000000,0.00000000,0.00000000,0.00000000,0.00000000,0.00000000,0.00000000,0.00000000,0.00000000,0.00000000,0.00000000,0.00000000,0.00000000,0.00000000,0.08458844,0.00000000,0.00000000,0.00000000,0.00000000,0.00000000,0.00000000,0.00000000,0.00000000,0.00000000,0.08901411,0.12123300,0.00000000,0.00000000,0.00000000,0.00000000,0.00000000,0.00000000,0.00000000,0.00000000,0.00000000,0.00000000,0.00000000,0.08773132,0.08542897,0.00000000,0.00000000,0.00000000,0.00000000,0.00000000,0.00000000,0.08615580,0.00000000,0.00000000,0.08520453,0.00000000,0.08748633,0.00000000,0.00000000,0.00000000,0.00000000,0.00000000,0.00000000,0.00000000,0.00000000,0.00000000,0.00000000,0.00000000,0.00000000,0.08598108,0.00000000,0.00000000,0.00000000,0.18717647,0.00000000,0.00000000,0.00000000,0.00000000,0.00000000,0.00000000,0.00000000,0.00000000,0.00000000
PTAL,0.00000000,0.00000000,0.00000000,0.00000000,0.00000000,0.12124016,0.00000000,0.00000000,0.00000000,0.00000000,0.00000000,0.00000000,0.00000000,0.00000000,0.00000000,0.00000000,0.00000000,0.00000000,0.00000000,0.00000000,0.00000000,0.00000000,0.00000000,0.00000000,0.00000000,0.00000000,0.00000000,0.00000000,0.00000000,0.00000000,0.00000000,0.00000000,0.00000000,0.00000000,0.00000000,0.00000000,0.00000000,0.08163041,0.00000000,0.00000000,0.00000000,0.00000000,0.00000000,0.00000000,0.00000000,0.00000000,0.00000000,0.00000000,0.00000000,0.00000000,0.08400294,0.08457607,0.00000000,0.00000000,0.00000000,0.00000000,0.00000000,0.00000000,0.08176084,0.00000000,0.00000000,0.00000000,0.00000000,0.00000000,0.00000000,0.00000000,0.00000000,0.07086230,0.00000000,0.00000000,0.08149154,0.00000000,0.00000000,0.00000000,0.00000000,0.00000000,0.00000000,0.00000000,0.00000000,0.00000000,0.00000000,0.16545208,0.00000000,0.00000000,0.00000000,0.10820404,0.00000000,0.00000000,0.12077958,0.00000000
PTRF,0.12105286,0.00000000,0.00000000,0.00000000,0.00000000,0.00000000,0.00000000,0.00000000,0.00000000,0.00000000,0.00000000,0.11769330,0.00000000,0.00000000,0.00000000,0.00000000,0.00000000,0.00000000,0.00000000,0.00000000,0.00000000,0.00000000,0.00000000,0.00000000,0.00000000,0.00000000,0.00000000,0.00000000,0.00000000,0.00000000,0.00000000,0.00000000,0.00000000,0.00000000,0.00000000,0.00000000,0.00000000,0.08496761,0.00000000,0.00000000,0.00000000,0.00000000,0.00000000,0.00000000,0.00000000,0.00000000,0.00000000,0.00000000,0.00000000,0.00000000,0.08568688,0.12346637,0.00000000,0.00000000,0.00000000,0.00000000,0.00000000,0.00000000,0.00000000,0.00000000,0.08352657,0.00000000,0.00000000,0.08408570,0.00000000,0.00000000,0.00000000,0.00000000,0.00000000,0.00000000,0.00000000,0.00000000,0.00000000,0.00000000,0.00000000,0.00000000,0.00000000,0.00000000,0.00000000,0.00000000,0.00000000,0.00000000,0.18247205,0.00000000,0.00000000,0.00000000,0.00000000,0.00000000,0.11704867,0.00000000
QUAD,0.00000000,0.00000000,0.00000000,0.00000000,0.00000000,0.00000000,0.00000000,0.00000000,0.00000000,0.00000000,0.00000000,0.11445992,0.11958224,0.00000000,0.00000000,0.00000000,0.00000000,0.00000000,0.00000000,0.00000000,0.00000000,0.00000000,0.00000000,0.00000000,0.00000000,0.00000000,0.00000000,0.00000000,0.00000000,0.00000000,0.00000000,0.00000000,0.00000000,0.00000000,0.00000000,0.00000000,0.00000000,0.09356165,0.00000000,0.00000000,0.00000000,0.00000000,0.09231578,0.00000000,0.00000000,0.00000000,0.00000000,0.00000000,0.00000000,0.00000000,0.09535296,0.09575040,0.00000000,0.00000000,0.00000000,0.00000000,0.00000000,0.00000000,0.00000000,0.00000000,0.00000000,0.00000000,0.00000000,0.09224468,0.00000000,0.00000000,0.00000000,0.00000000,0.00000000,0.00000000,0.00000000,0.00000000,0.00000000,0.00000000,0.00000000,0.00000000,0.00000000,0.00000000,0.00000000,0.00000000,0.00000000,0.00000000,0.00000000,0.18451405,0.00000000,0.00000000,0.00000000,0.00000000,0.11221831,0.00000000
REDM,0.00000000,0.00000000,0.00000000,0.00000000,0.00000000,0.00000000,0.00000000,0.00000000,0.00000000,0.00000000,0.00000000,0.00000000,0.00000000,0.00000000,0.00000000,0.00000000,0.00000000,0.00000000,0.00000000,0.00000000,0.00000000,0.00000000,0.00000000,0.00000000,0.00000000,0.00000000,0.00000000,0.00000000,0.00000000,0.00000000,0.00000000,0.00000000,0.00000000,0.00000000,0.00000000,0.00000000,0.00000000,0.10095520,0.00000000,0.00000000,0.00000000,0.00000000,0.00000000,0.09849783,0.00000000,0.00000000,0.00000000,0.00000000,0.00000000,0.00000000,0.10262244,0.09932308,0.00000000,0.00000000,0.09837420,0.00000000,0.00000000,0.00000000,0.10146353,0.00000000,0.00000000,0.10087337,0.00000000,0.09858559,0.00000000,0.00000000,0.00000000,0.00000000,0.00000000,0.00000000,0.00000000,0.00000000,0.00000000,0.00000000,0.00000000,0.00000000,0.00000000,0.00000000,0.00000000,0.00000000,0.00000000,0.00000000,0.00000000,0.00000000,0.19930476,0.00000000,0.00000000,0.00000000,0.00000000,0.00000000
SC04,0.10893683,0.00000000,0.00000000,0.00000000,0.00000000,0.11802204,0.00000000,0.00000000,0.00000000,0.00000000,0.00000000,0.10844335,0.00000000,0.00000000,0.00000000,0.00000000,0.00000000,0.00000000,0.00000000,0.00000000,0.00000000,0.00000000,0.00000000,0.00000000,0.00000000,0.00000000,0.00000000,0.00000000,0.00000000,0.00000000,0.00000000,0.00000000,0.00000000,0.00000000,0.00000000,0.00000000,0.00000000,0.00000000,0.00000000,0.00000000,0.00000000,0.00000000,0.00000000,0.00000000,0.00000000,0.00000000,0.00000000,0.00000000,0.00000000,0.00000000,0.00000000,0.00000000,0.00000000,0.00000000,0.00000000,0.00000000,0.07289267,0.00000000,0.00000000,0.00000000,0.00000000,0.00000000,0.00000000,0.00000000,0.00000000,0.00000000,0.00000000,0.00000000,0.00000000,0.11105371,0.00000000,0.00000000,0.00000000,0.00000000,0.00000000,0.00000000,0.00000000,0.00000000,0.00000000,0.11679179,0.00000000,0.10458160,0.00000000,0.00000000,0.00000000,0.15991309,0.00000000,0.00000000,0.09936503,0.00000000
SEDR,0.11682739,0.00000000,0.00000000,0.00000000,0.00000000,0.00000000,0.00000000,0.00000000,0.00000000,0.00000000,0.00000000,0.00000000,0.00000000,0.00000000,0.00000000,0.00000000,0.00000000,0.00000000,0.00000000,0.00000000,0.00000000,0.00000000,0.00000000,0.00000000,0.00000000,0.00000000,0.00000000,0.00000000,0.00000000,0.00000000,0.00000000,0.00000000,0.00000000,0.00000000,0.00000000,0.00000000,0.00000000,0.00000000,0.00000000,0.00000000,0.00000000,0.00000000,0.00000000,0.00000000,0.00000000,0.00000000,0.00000000,0.00000000,0.00000000,0.00000000,0.09152605,0.08957175,0.00000000,0.00000000,0.00000000,0.00000000,0.00000000,0.00000000,0.08947798,0.00000000,0.08923253,0.08958543,0.00000000,0.08728851,0.00000000,0.00000000,0.00000000,0.00000000,0.00000000,0.00000000,0.00000000,0.00000000,0.00000000,0.00000000,0.00000000,0.00000000,0.00000000,0.00000000,0.00000000,0.00000000,0.00000000,0.00000000,0.00000000,0.00000000,0.00000000,0.00000000,0.17153077,0.00000000,0.08927642,0.08568318
TPW2,0.00000000,0.00000000,0.00000000,0.00000000,0.00000000,0.00000000,0.00000000,0.00000000,0.00000000,0.00000000,0.00000000,0.00000000,0.00000000,0.00000000,0.00000000,0.00000000,0.00000000,0.00000000,0.00000000,0.00000000,0.00000000,0.00000000,0.00000000,0.00000000,0.00000000,0.00000000,0.00000000,0.00000000,0.00000000,0.00000000,0.00000000,0.00000000,0.00000000,0.00000000,0.00000000,0.08056011,0.00000000,0.08097554,0.00000000,0.00000000,0.00000000,0.00000000,0.00000000,0.00000000,0.00000000,0.00000000,0.00000000,0.00000000,0.00000000,0.00000000,0.11568492,0.00000000,0.00000000,0.00000000,0.00000000,0.00000000,0.00000000,0.00000000,0.08283702,0.00000000,0.00000000,0.11423112,0.08112724,0.11739597,0.00000000,0.00000000,0.08039183,0.00000000,0.00000000,0.00000000,0.00000000,0.06072113,0.00000000,0.00000000,0.00000000,0.00000000,0.00000000,0.00000000,0.00000000,0.00000000,0.00000000,0.00000000,0.00000000,0.00000000,0.00000000,0.00000000,0.00000000,0.18607515,0.00000000,0.00000000
UCLU,0.03530035,0.03284274,0.04775214,0.00000000,0.00000000,0.04373319,0.00000000,0.00000000,0.00000000,0.00000000,0.00000000,0.04479093,0.04343977,0.00000000,0.00000000,0.00000000,0.03021178,0.00000000,0.00000000,0.00000000,0.00000000,0.00000000,0.00000000,0.00000000,0.00000000,0.00000000,0.00000000,0.00000000,0.00000000,0.03089935,0.00000000,0.03378703,0.00000000,0.00000000,0.00000000,0.00000000,0.00000000,0.03577960,0.00000000,0.00000000,0.00000000,0.00000000,0.00000000,0.00000000,0.00000000,0.00000000,0.00000000,0.00000000,0.00000000,0.00000000,0.03665954,0.04473173,0.03521318,0.00000000,0.00000000,0.00000000,0.00000000,0.00000000,0.03528602,0.00000000,0.00000000,0.00000000,0.00000000,0.03532177,0.00000000,0.00000000,0.00000000,0.02713282,0.03411437,0.03577204,0.00000000,0.00000000,0.00000000,0.00000000,0.00000000,0.03413959,0.00000000,0.00000000,0.00000000,0.03450876,0.00000000,0.04757154,0.04180190,0.03963329,0.00000000,0.04049258,0.03391725,0.00000000,0.06516673,0.00000000
ZSE1,0.00000000,0.09330070,0.00000000,0.00000000,0.00000000,0.00000000,0.00000000,0.00000000,0.00000000,0.00000000,0.00000000,0.00000000,0.00000000,0.00000000,0.00000000,0.00000000,0.00000000,0.00000000,0.00000000,0.00000000,0.00000000,0.00000000,0.00000000,0.00000000,0.00000000,0.00000000,0.00000000,0.00000000,0.00000000,0.00000000,0.00000000,0.00000000,0.00000000,0.00000000,0.00000000,0.00000000,0.00000000,0.00000000,0.00000000,0.00000000,0.00000000,0.00000000,0.00000000,0.00000000,0.00000000,0.00000000,0.00000000,0.00000000,0.00000000,0.00000000,0.07702829,0.07440232,0.00000000,0.00000000,0.00000000,0.00000000,0.00000000,0.00000000,0.00000000,0.00000000,0.09699910,0.07358144,0.09629823,0.07365339,0.00000000,0.00000000,0.00000000,0.00000000,0.09773020,0.00000000,0.00000000,0.00000000,0.00000000,0.00000000,0.00000000,0.00000000,0.00000000,0.00000000,0.10171957,0.00000000,0.00000000,0.00000000,0.00000000,0.00000000,0.00000000,0.00000000,0.07171638,0.00000000,0.00000000,0.14357035
