source_station,target_station,weight,training_abs_correlation,distance_weight,distance_km,mutual_training_days,selected_directed,symmetrized_support
ALBH,ARLI,0.06173286,0.67425156,0.59187001,102.418,3549,0,1
ALBH,BAMF,0.04362912,0.61595386,0.00000000,,3639,0,1
ALBH,CLRS,0.06536017,0.65697527,0.79732949,67.303,3630,0,1
ALBH,NANO,0.06260897,0.70141810,0.54747730,109.767,3639,1,1
ALBH,NTKA,0.04724297,0.66697401,0.00000000,,3626,0,1
ALBH,P401,0.06714835,0.73358840,0.64322656,93.942,3633,1,1
ALBH,P402,0.06636733,0.71909511,0.65362728,92.219,3636,1,1
ALBH,P437,0.06686234,0.71680623,0.68145919,87.581,3636,1,1
ALBH,P439,0.07418977,0.76143241,0.85792613,55.360,3636,1,1
ALBH,P698,0.03529617,0.49830964,0.00000000,,3639,0,1
ALBH,PGC5,0.07264720,0.70592600,0.95911121,28.896,3638,1,1
ALBH,PTRF,0.06265356,0.62431479,0.78067535,70.370,3609,0,1
ALBH,SC04,0.06433654,0.63224500,0.82816565,61.407,3619,0,1
ALBH,SEDR,0.06432350,0.69448656,0.64088869,94.329,3639,1,1
ALBH,UCLU,0.05115877,0.72225708,0.00000000,,3626,1,1
ARLI,ALBH,0.12189350,0.67425156,0.59187001,102.418,3549,1,1
ARLI,P398,0.09676383,0.69186389,0.00000000,,3558,1,1
ARLI,P401,0.09615829,0.68753421,0.00000000,,3552,1,1
ARLI,P414,0.09426604,0.67400455,0.00000000,,3546,1,1
ARLI,P418,0.09400719,0.67215383,0.00000000,,3558,1,1
ARLI,P420,0.09526391,0.68113941,0.00000000,,3559,1,1
ARLI,UCLU,0.09398198,0.67197359,0.00000000,,3544,1,1
ARLI,ZSE1,0.12118568,0.66167456,0.61441821,98.699,3455,1,1
BAMF,ALBH,0.08682024,0.61595386,0.00000000,,3639,1,1
BAMF,NANO,0.11426771,0.59217787,0.65551317,91.906,3648,1,1
BAMF,NTKA,0.10211401,0.59336591,0.39327252,136.620,3635,1,1
BAMF,P398,0.08550151,0.60659802,0.00000000,,3648,1,1
BAMF,P401,0.11615681,0.63927114,0.55444062,108.609,3642,1,1
BAMF,P402,0.08295975,0.58856523,0.00000000,,3645,1,1
BAMF,P439,0.08652928,0.61388958,0.00000000,,3645,1,1
BAMF,UCLU,0.13771412,0.65970385,0.95196331,31.378,3634,1,1
BCOV,NTKA,0.12572542,0.61899471,0.56371439,107.071,3632,1,1
BCOV,P367,0.09514394,0.61062914,0.00000000,,3632,1,1
BCOV,P398,0.09692369,0.62205148,0.00000000,,3641,1,1
BCOV,P401,0.09897962,0.63524634,0.00000000,,3635,1,1
BCOV,P402,0.09318306,0.59804434,0.00000000,,3638,1,1
BCOV,P414,0.09415078,0.60425508,0.00000000,,3629,1,1
BCOV,P420,0.09434359,0.60549253,0.00000000,,3642,1,1
BCOV,P425,0.09379923,0.60199887,0.00000000,,3641,1,1
CABL,P062,0.08002057,0.52969962,0.00000000,,3588,1,1
CABL,P364,0.13096745,0.54917473,0.95331031,30.924,3547,1,1
CABL,P365,0.13030839,0.59643698,0.79843527,67.097,3587,1,1
CABL,P412,0.08813471,0.58341151,0.00000000,,3584,1,1
CABL,P414,0.07851578,0.51973867,0.00000000,,3575,1,1
CABL,P420,0.07845121,0.51931119,0.00000000,,3589,1,1
CABL,P427,0.08375505,0.55442023,0.00000000,,3588,1,1
CABL,P732,0.12842311,0.61287993,0.71166730,82.480,3536,1,1
CLRS,ALBH,0.10963375,0.65697527,0.79732949,67.303,3630,1,1
CLRS,P398,0.07687397,0.64702326,0.00000000,,3639,1,1
CLRS,P401,0.10128392,0.65659851,0.58762622,103.118,3633,1,1
CLRS,P439,0.10408089,0.65448922,0.66457766,90.400,3636,1,1
CLRS,PGC5,0.11039865,0.64012909,0.86718154,53.387,3638,1,1
CLRS,PTAL,0.11608402,0.71980208,0.77171856,71.991,3641,1,1
CLRS,SC04,0.11691688,0.66863495,0.94624949,33.241,3619,1,1
CLRS,UCLU,0.10631227,0.70037484,0.58326310,103.838,3625,1,1
CORV,P366,0.08801269,0.69095814,0.00000000,,3601,1,1
CORV,P367,0.12911990,0.73516417,0.83553892,59.946,3639,1,1
CORV,P376,0.12852216,0.70463407,0.91305089,42.653,3620,1,1
CORV,P398,0.08796080,0.69055080,0.00000000,,3648,1,1
CORV,P406,0.12333286,0.70428944,0.79186684,68.317,3647,1,1
CORV,P414,0.09202854,0.72248518,0.00000000,,3636,1,1
CORV,P420,0.08923660,0.70056671,0.00000000,,3649,1,1
CORV,P425,0.09194943,0.72186422,0.00000000,,3648,1,1
CPXX,P155,0.07655353,0.64993453,0.00000000,,3626,1,1
CPXX,P366,0.07866050,0.66782254,0.00000000,,3596,1,1
CPXX,P367,0.07929247,0.67318797,0.00000000,,3634,1,1
CPXX,P375,0.07723716,0.65573853,0.00000000,,3642,1,1
CPXX,P383,0.07854196,0.66681623,0.00000000,,3520,1,1
CPXX,P407,0.07385238,0.62700188,0.00000000,,3564,0,1
CPXX,P425,0.11286838,0.68363971,0.82381672,62.259,3643,1,1
CPXX,P434,0.07678938,0.65193689,0.00000000,,3645,1,1
CPXX,P437,0.08088057,0.68667078,0.00000000,,3640,1,1
CPXX,PCOL,0.10827506,0.61658609,0.90798658,43.938,3630,0,1
DDSN,P366,0.12882113,0.62865978,0.72002852,81.051,3583,1,1
DDSN,P367,0.09267216,0.62490875,0.00000000,,3621,1,1
DDSN,P375,0.08953090,0.60372657,0.00000000,,3629,1,1
DDSN,P377,0.11913171,0.61668181,0.55994862,107.695,3609,1,1
DDSN,P380,0.10343634,0.59431219,0.30954537,153.144,3630,1,1
DDSN,P383,0.08945768,0.60323280,0.00000000,,3507,1,1
DDSN,P404,0.09038509,0.60948658,0.00000000,,3621,1,1
DDSN,P414,0.08883563,0.59903818,0.00000000,,3618,1,1
ENUM,P376,0.07968102,0.45254028,0.00000000,,3548,1,1
ENUM,P383,0.08037594,0.45648697,0.00000000,,3461,1,1
ENUM,P414,0.08159856,0.46343070,0.00000000,,3564,1,1
ENUM,P420,0.08250647,0.46858707,0.00000000,,3577,1,1
ENUM,P421,0.12327284,0.46426731,0.70754468,83.181,3575,1,1
ENUM,P425,0.08189330,0.46510467,0.00000000,,3576,1,1
ENUM,P434,0.11919564,0.45239890,0.67368174,88.882,3578,1,1
ENUM,P437,0.11670956,0.45295525,0.62965441,96.186,3573,1,1
KTBW,P367,0.09369899,0.66817540,0.00000000,,3599,1,1
KTBW,P376,0.09045479,0.64504069,0.00000000,,3580,1,1
KTBW,P397,0.09281099,0.66184294,0.00000000,,3609,1,1
KTBW,P414,0.09042792,0.64484906,0.00000000,,3596,1,1
KTBW,P418,0.12924618,0.63929492,0.84711099,57.606,3608,1,1
KTBW,P425,0.09341957,0.66618282,0.00000000,,3608,1,1
KTBW,P437,0.13008420,0.64338571,0.85276675,56.439,3605,1,1
KTBW,P439,0.09288252,0.66235304,0.00000000,,3605,1,1
NANO,ALBH,0.06680506,0.70141810,0.54747730,109.767,3639,1,1
NANO,BAMF,0.06127055,0.59217787,0.65551317,91.906,3648,0,1
NANO,NTKA,0.05538438,0.67356664,0.17770386,185.884,3635,0,1
NANO,P367,0.05359388,0.70911092,0.00000000,,3639,1,1
NANO,P398,0.05455321,0.72180402,0.00000000,,3648,1,1
NANO,P401,0.05329713,0.70518452,0.00000000,,3642,1,1
NANO,P414,0.05306501,0.70211333,0.00000000,,3636,1,1
NANO,P417,0.04615503,0.61068606,0.00000000,,3648,0,1
NANO,P425,0.05366206,0.71001297,0.00000000,,3648,1,1
NANO,P439,0.06769626,0.70933640,0.55909717,107.836,3645,1,1
NANO,PGC5,0.06863532,0.67690045,0.69367993,85.527,3647,0,1
NANO,PTRF,0.06499728,0.63128823,0.68610942,86.801,3618,0,1
NANO,QUAD,0.06251206,0.68233865,0.43431094,129.151,3642,0,1
NANO,SC04,0.06833744,0.60975993,0.88327730,49.823,3628,0,1
NANO,UCLU,0.06926343,0.74158067,0.52457082,113.594,3634,1,1
NTKA,ALBH,0.07564083,0.66697401,0.00000000,,3626,1,1
NTKA,BAMF,0.08215990,0.59336591,0.39327252,136.620,3635,0,1
NTKA,BCOV,0.09150965,0.61899471,0.56371439,107.071,3632,0,1
NTKA,NANO,0.08310623,0.67356664,0.17770386,185.884,3635,1,1
NTKA,P367,0.07750417,0.68340427,0.00000000,,3626,1,1
NTKA,P398,0.07833128,0.69069743,0.00000000,,3635,1,1
NTKA,P401,0.08294668,0.73139435,0.00000000,,3629,1,1
NTKA,P402,0.07879288,0.69476759,0.00000000,,3632,1,1
NTKA,QUAD,0.09799939,0.68210667,0.54605144,110.004,3629,1,1
NTKA,UCLU,0.10079703,0.70198733,0.56041515,107.618,3621,1,1
OBSR,P367,0.09168063,0.44747216,0.00000000,,3616,1,1
OBSR,P377,0.09185992,0.44834727,0.00000000,,3604,1,1
OBSR,P401,0.08961520,0.43739128,0.00000000,,3619,1,1
OBSR,P412,0.08901068,0.43444073,0.00000000,,3621,1,1
OBSR,P414,0.08947553,0.43670961,0.00000000,,3613,1,1
OBSR,P425,0.09083214,0.44333088,0.00000000,,3625,1,1
OBSR,P437,0.09363267,0.45699963,0.00000000,,3622,1,1
OBSR,P439,0.09071241,0.44274646,0.00000000,,3622,1,1
P058,P158,0.07901344,0.51725078,0.88013428,50.533,3639,0,1
P058,P160,0.09900628,0.70385903,0.93565190,36.472,3620,1,1
P058,P161,0.09372436,0.64193761,0.95884824,28.991,3623,0,1
P058,P169,0.10563873,0.75330579,0.99144644,13.107,3638,1,1
P058,P324,0.06799877,0.69762522,0.00000000,,3639,1,1
P058,P326,0.09384369,0.66306621,0.89913571,46.113,3639,0,1
P058,P367,0.06596610,0.67677122,0.00000000,,3629,1,1
P058,P398,0.06770043,0.69456440,0.00000000,,3638,1,1
P058,P401,0.06722106,0.68964642,0.00000000,,3632,1,1
P058,P409,0.06469700,0.66375107,0.00000000,,3640,1,1
P058,P425,0.06522775,0.66919631,0.00000000,,3638,1,1
P062,CABL,0.06734328,0.52969962,0.00000000,,3588,0,1
P062,P364,0.08322772,0.65464127,0.00000000,,3598,1,1
P062,P365,0.08597502,0.67625058,0.00000000,,3648,1,1
P062,P377,0.08368544,0.65824157,0.00000000,,3628,1,1
P062,P387,0.08327814,0.52519011,0.38954329,137.316,3631,0,1
P062,P412,0.08829444,0.69449437,0.00000000,,3645,1,1
P062,P414,0.08116187,0.63839203,0.00000000,,3637,1,1
P062,P425,0.08176587,0.64314288,0.00000000,,3649,1,1
P062,P427,0.09081949,0.71435559,0.00000000,,3650,1,1
P062,P732,0.08493561,0.66807497,0.00000000,,3597,1,1
P154,P367,0.09717140,0.63274902,0.00000000,,3604,1,1
P154,P380,0.11529988,0.62549174,0.37591219,139.886,3613,1,1
P154,P398,0.09859326,0.64200765,0.00000000,,3614,1,1
P154,P401,0.09760992,0.63560450,0.00000000,,3607,1,1
P154,P406,0.09983635,0.65010232,0.00000000,,3612,1,1
P154,P409,0.09696698,0.63141787,0.00000000,,3615,1,1
P154,P414,0.09483350,0.61752534,0.00000000,,3601,1,1
P154,UCLU,0.09492841,0.61814332,0.00000000,,3599,1,1
P155,CPXX,0.06122280,0.64993453,0.00000000,,3626,0,1
P155,P158,0.04837279,0.51352030,0.00000000,,3632,0,1
P155,P164,0.06704635,0.71175677,0.00000000,,3565,1,1
P155,P167,0.05919762,0.62843555,0.00000000,,3599,0,1
P155,P168,0.08289361,0.65531236,0.67403150,88.823,3631,1,1
P155,P169,0.08522719,0.67141134,0.70005387,84.451,3631,1,1
P155,P170,0.05806036,0.35803586,0.77497977,71.403,3594,0,1
P155,P362,0.05931555,0.62968737,0.00000000,,3611,0,1
P155,P383,0.06292713,0.66802758,0.00000000,,3508,1,1
P155,P398,0.06159136,0.65384722,0.00000000,,3631,1,1
P155,P404,0.06177843,0.65583313,0.00000000,,3622,1,1
P155,P414,0.06281281,0.66681397,0.00000000,,3619,1,1
P155,P425,0.06257895,0.66433132,0.00000000,,3631,1,1
P155,P696,0.04137715,0.43925527,0.00000000,,3618,0,1
P158,P058,0.10788481,0.51725078,0.88013428,50.533,3639,1,1
P158,P155,0.06834329,0.51352030,0.00000000,,3632,1,1
P158,P164,0.11526774,0.57001686,0.88825840,48.681,3583,1,1
P158,P167,0.12431140,0.60976928,0.97285908,23.459,3617,1,1
P158,P168,0.11445286,0.54468924,0.94587290,33.361,3649,1,1
P158,P169,0.11206114,0.53765756,0.91305476,42.652,3649,1,1
P158,P326,0.10978258,0.51533824,0.92865062,38.477,3650,1,1
P158,P362,0.07044575,0.52931786,0.00000000,,3629,1,1
P160,P058,0.13540818,0.70385903,0.93565190,36.472,3620,1,1
P160,P161,0.12546875,0.61012793,0.99316800,11.709,3615,1,1
P160,P169,0.13752618,0.71307129,0.95567876,30.111,3630,1,1
P160,P324,0.09308374,0.69825292,0.00000000,,3631,1,1
P160,P332,0.08452295,0.63403547,0.00000000,,3570,1,1
P160,P345,0.08194302,0.61468256,0.00000000,,3555,1,1
P160,P398,0.08263411,0.61986673,0.00000000,,3630,1,1
P160,P401,0.08166709,0.61261272,0.00000000,,3624,1,1
P161,P058,0.11710475,0.64193761,0.95884824,28.991,3623,1,1
P161,P160,0.11462396,0.61012793,0.99316800,11.709,3615,1,1
P161,P167,0.11430288,0.61985987,0.95606285,29.977,3601,1,1
P161,P168,0.11987820,0.66397893,0.96104324,28.191,3633,1,1
P161,P169,0.11234666,0.60094303,0.96462536,26.839,3633,1,1
P161,P326,0.11466401,0.63886571,0.90794122,43.949,3634,1,1
P161,P345,0.07224904,0.59324098,0.00000000,,3556,1,1
P161,P398,0.07244786,0.59487349,0.00000000,,3634,1,1
P163,P169,0.09196438,0.57111478,0.00000000,,3649,1,1
P163,P324,0.15166280,0.62759954,0.94275844,34.335,3650,1,1
P163,P332,0.09087443,0.56434602,0.00000000,,3589,1,1
P163,P370,0.09045431,0.56173700,0.00000000,,3647,1,1
P163,P376,0.08910190,0.55333829,0.00000000,,3621,1,1
P163,P380,0.08999003,0.55885369,0.00000000,,3649,1,1
P163,P398,0.08982871,0.55785197,0.00000000,,3649,1,1
P163,P446,0.09142199,0.56774646,0.00000000,,3650,1,1
P164,P155,0.07408080,0.71175677,0.00000000,,3565,1,1
P164,P158,0.09014539,0.57001686,0.88825840,48.681,3583,0,1
P164,P167,0.10716763,0.73516637,0.88345098,49.783,3551,1,1
P164,P168,0.10158399,0.70289707,0.81931859,63.132,3582,1,1
P164,P169,0.07019502,0.67442286,0.00000000,,3582,1,1
P164,P170,0.03714021,0.35683739,0.00000000,,3545,0,1
P164,P326,0.10735186,0.73830968,0.87933129,50.714,3583,1,1
P164,P362,0.06454062,0.62009639,0.00000000,,3562,0,1
P164,P366,0.06882851,0.66129369,0.00000000,,3535,1,1
P164,P377,0.06994036,0.67197615,0.00000000,,3563,1,1
P164,P414,0.07025016,0.67495269,0.00000000,,3570,1,1
P167,P155,0.06756821,0.62843555,0.00000000,,3599,1,1
P167,P158,0.10042792,0.60976928,0.97285908,23.459,3617,1,1
P167,P161,0.10091086,0.61985987,0.95606285,29.977,3601,1,1
P167,P164,0.11070605,0.73516637,0.88345098,49.783,3551,1,1
P167,P168,0.11258379,0.71698225,0.99039692,13.892,3616,1,1
P167,P170,0.07132660,0.35262901,0.93228698,37.447,3579,0,1
P167,P326,0.11148262,0.70762736,0.98773634,15.710,3617,1,1
P167,P362,0.06899845,0.64173782,0.00000000,,3596,1,1
P167,P366,0.06523410,0.60672659,0.00000000,,3569,1,1
P167,P696,0.04740385,0.44089165,0.00000000,,3603,0,1
P168,P155,0.08959327,0.65531236,0.67403150,88.823,3631,1,1
P168,P158,0.08755609,0.54468924,0.94587290,33.361,3649,0,1
P168,P161,0.10021602,0.66397893,0.96104324,28.191,3633,1,1
P168,P164,0.09936859,0.70289707,0.81931859,63.132,3582,1,1
P168,P167,0.10660855,0.71698225,0.99039692,13.892,3616,1,1
P168,P170,0.07088722,0.37206233,0.97258633,23.578,3611,0,1
P168,P326,0.10980833,0.75091034,0.98289728,18.575,3649,1,1
P168,P366,0.06647040,0.65287554,0.00000000,,3601,1,1
P168,P367,0.06715001,0.65955073,0.00000000,,3639,1,1
P168,P414,0.06659254,0.65407526,0.00000000,,3636,1,1
P169,P058,0.08020566,0.75330579,0.99144644,13.107,3638,1,1
P169,P155,0.06695690,0.67141134,0.70005387,84.451,3631,0,1
P169,P158,0.06231284,0.53765756,0.91305476,42.652,3649,0,1
P169,P160,0.07634578,0.71307129,0.95567876,30.111,3630,1,1
P169,P161,0.06826843,0.60094303,0.96462536,26.839,3633,0,1
P169,P163,0.04226531,0.57111478,0.00000000,,3649,0,1
P169,P164,0.04991063,0.67442286,0.00000000,,3582,0,1
P169,P324,0.05272576,0.71246272,0.00000000,,3649,1,1
P169,P327,0.04696038,0.63455743,0.00000000,,3649,0,1
P169,P345,0.05181519,0.70015854,0.00000000,,3571,1,1
P169,P349,0.04754130,0.64240712,0.00000000,,3595,0,1
P169,P362,0.04970407,0.67163181,0.00000000,,3628,0,1
P169,P398,0.05250647,0.70949942,0.00000000,,3648,1,1
P169,P401,0.05185928,0.70075428,0.00000000,,3642,1,1
P169,P414,0.05109739,0.69045907,0.00000000,,3636,1,1
P169,P425,0.05085134,0.68713439,0.00000000,,3648,1,1
P170,P155,0.12191443,0.35803586,0.77497977,71.403,3594,1,1
P170,P164,0.07058124,0.35683739,0.00000000,,3545,1,1
P170,P167,0.13121659,0.35262901,0.93228698,37.447,3579,1,1
P170,P168,0.13771746,0.37206233,0.97258633,23.578,3611,1,1
P170,P404,0.06853212,0.34647766,0.00000000,,3602,1,1
P170,P412,0.06789167,0.34323975,0.00000000,,3607,1,1
P170,P414,0.06893057,0.34849212,0.00000000,,3605,1,1
P170,P434,0.06948706,0.35130551,0.00000000,,3613,1,1
P324,P058,0.06896301,0.69762522,0.00000000,,3639,1,1
P324,P160,0.06902506,0.69825292,0.00000000,,3631,1,1
P324,P163,0.09310582,0.62759954,0.94275844,34.335,3650,0,1
P324,P169,0.07042976,0.71246272,0.00000000,,3649,1,1
P324,P332,0.09435495,0.66323483,0.87376082,51.952,3590,0,1
P324,P367,0.07025245,0.71066910,0.00000000,,3640,1,1
P324,P370,0.06158722,0.62301224,0.00000000,,3648,0,1
P324,P398,0.07103240,0.71855915,0.00000000,,3650,1,1
P324,P414,0.07031282,0.71127987,0.00000000,,3637,1,1
P324,P425,0.06962361,0.70430791,0.00000000,,3649,1,1
P324,P734,0.06994244,0.70753312,0.00000000,,3650,1,1
P324,PSPT,0.05956519,0.60255754,0.00000000,,3499,0,1
P326,P058,0.09769800,0.66306621,0.89913571,46.113,3639,1,1
P326,P158,0.08370563,0.51533824,0.92865062,38.477,3650,0,1
P326,P161,0.09554010,0.63886571,0.90794122,43.949,3634,0,1
P326,P164,0.10466345,0.73830968,0.87933129,50.714,3583,1,1
P326,P167,0.10521676,0.70762736,0.98773634,15.710,3617,1,1
P326,P168,0.10944524,0.75091034,0.98289728,18.575,3649,1,1
P326,P366,0.06692044,0.65947652,0.00000000,,3602,1,1
P326,P367,0.06658360,0.65615702,0.00000000,,3640,1,1
P326,P377,0.06722695,0.66249704,0.00000000,,3628,1,1
P326,P414,0.06769975,0.66715622,0.00000000,,3637,1,1
P327,P169,0.09865654,0.63455743,0.00000000,,3649,1,1
P327,P367,0.10065855,0.64743429,0.00000000,,3640,1,1
P327,P377,0.09755055,0.62744367,0.00000000,,3628,1,1
P327,P398,0.09931586,0.63879812,0.00000000,,3649,1,1
P327,P401,0.10035075,0.64545453,0.00000000,,3643,1,1
P327,P414,0.10020293,0.64450371,0.00000000,,3637,1,1
P327,P733,0.09767584,0.62824953,0.00000000,,3648,1,1
P327,UCLU,0.09829175,0.63221109,0.00000000,,3635,1,1
P332,P160,0.07303293,0.63403547,0.00000000,,3570,0,1
P332,P163,0.06500558,0.56434602,0.00000000,,3589,0,1
P332,P324,0.10994510,0.66323483,0.87376082,51.952,3590,1,1
P332,P367,0.07714642,0.66974676,0.00000000,,3579,1,1
P332,P370,0.06592929,0.57236511,0.00000000,,3587,0,1
P332,P398,0.07799412,0.67710608,0.00000000,,3589,1,1
P332,P401,0.07717568,0.67000073,0.00000000,,3582,1,1
P332,P402,0.07492930,0.65049875,0.00000000,,3585,1,1
P332,P425,0.07526825,0.65344137,0.00000000,,3588,1,1
P332,P446,0.07509083,0.65190107,0.00000000,,3589,1,1
P332,P733,0.07489929,0.65023828,0.00000000,,3587,1,1
P345,P160,0.06309809,0.61468256,0.00000000,,3555,0,1
P345,P161,0.06089708,0.59324098,0.00000000,,3556,0,1
P345,P169,0.07187232,0.70015854,0.00000000,,3571,1,1
P345,P349,0.09701760,0.65287769,0.87671554,51.298,3518,0,1
P345,P367,0.07206271,0.70201313,0.00000000,,3562,1,1
P345,P380,0.07162359,0.69773549,0.00000000,,3571,1,1
P345,P382,0.06635860,0.64644545,0.00000000,,3564,0,1
P345,P398,0.07329309,0.71399921,0.00000000,,3571,1,1
P345,P401,0.07126051,0.69419843,0.00000000,,3565,1,1
P345,P414,0.07310264,0.71214390,0.00000000,,3559,1,1
P345,P425,0.07158267,0.69733673,0.00000000,,3571,1,1
P345,UCLU,0.07096238,0.69129413,0.00000000,,3557,1,1
P349,P169,0.09402350,0.64240712,0.00000000,,3595,1,1
P349,P345,0.13832837,0.65287769,0.87671554,51.298,3518,1,1
P349,P367,0.09515525,0.65013963,0.00000000,,3586,1,1
P349,P377,0.09549435,0.65245658,0.00000000,,3576,1,1
P349,P380,0.09481763,0.64783293,0.00000000,,3595,1,1
P349,P398,0.09647053,0.65912622,0.00000000,,3596,1,1
P349,P414,0.09618205,0.65715522,0.00000000,,3583,1,1
P349,P420,0.09438001,0.64484298,0.00000000,,3596,1,1
P362,P155,0.08596849,0.62968737,0.00000000,,3611,1,1
P362,P158,0.07226548,0.52931786,0.00000000,,3629,0,1
P362,P164,0.08465908,0.62009639,0.00000000,,3562,1,1
P362,P167,0.08761369,0.64173782,0.00000000,,3596,1,1
P362,P169,0.09169499,0.67163181,0.00000000,,3628,1,1
P362,P366,0.08996058,0.65892792,0.00000000,,3581,1,1
P362,P376,0.08868422,0.64957905,0.00000000,,3600,1,1
P362,P377,0.08556072,0.62670052,0.00000000,,3607,1,1
P362,P733,0.13155852,0.64508516,0.95559675,30.139,3627,1,1
P364,CABL,0.08874107,0.54917473,0.95331031,30.924,3547,0,1
P364,P062,0.06700954,0.65464127,0.00000000,,3598,0,1
P364,P365,0.10614600,0.72479451,0.93655670,36.206,3597,1,1
P364,P367,0.07026154,0.68641132,0.00000000,,3588,1,1
P364,P398,0.06987853,0.68266952,0.00000000,,3597,1,1
P364,P401,0.07059156,0.68963540,0.00000000,,3591,1,1
P364,P412,0.07568346,0.73938012,0.00000000,,3594,1,1
P364,P414,0.06951776,0.67914510,0.00000000,,3585,1,1
P364,P427,0.07950789,0.77674240,0.00000000,,3598,1,1
P364,P732,0.10044646,0.69279933,0.86549944,53.749,3546,1,1
P364,P784,0.06573533,0.64219308,0.00000000,,3566,0,1
P365,CABL,0.08684630,0.59643698,0.79843527,67.097,3587,0,1
P365,P062,0.06808612,0.67625058,0.00000000,,3648,0,1
P365,P364,0.10440500,0.72479451,0.93655670,36.206,3597,1,1
P365,P367,0.07076631,0.70287097,0.00000000,,3638,1,1
P365,P376,0.07050885,0.70031387,0.00000000,,3619,1,1
P365,P377,0.08485727,0.70308226,0.41923258,131.858,3626,1,1
P365,P412,0.07442100,0.73917049,0.00000000,,3644,1,1
P365,P414,0.06997436,0.69500512,0.00000000,,3635,1,1
P365,P427,0.07087154,0.70391625,0.00000000,,3648,1,1
P365,P732,0.10690149,0.74241072,0.95809561,29.260,3596,1,1
P365,TPW2,0.05811942,0.57725859,0.00000000,,3647,0,1
P366,CORV,0.04242847,0.69095814,0.00000000,,3601,0,1
P366,CPXX,0.04100782,0.66782254,0.00000000,,3596,0,1
P366,DDSN,0.05334087,0.62865978,0.72002852,81.051,3583,0,1
P366,P164,0.04060692,0.66129369,0.00000000,,3535,0,1
P366,P167,0.03725621,0.60672659,0.00000000,,3569,0,1
P366,P168,0.04009000,0.65287554,0.00000000,,3601,0,1
P366,P326,0.04049533,0.65947652,0.00000000,,3602,0,1
P366,P362,0.04046164,0.65892792,0.00000000,,3581,0,1
P366,P367,0.05685401,0.74016982,0.55713505,108.162,3592,1,1
P366,P383,0.03956603,0.64434254,0.00000000,,3496,0,1
P366,P397,0.03824442,0.62281990,0.00000000,,3602,0,1
P366,P398,0.04401845,0.71685147,0.00000000,,3601,1,1
P366,P404,0.04325460,0.70441192,0.00000000,,3592,1,1
P366,P407,0.03905661,0.63604647,0.00000000,,3522,0,1
P366,P409,0.04327286,0.70470929,0.00000000,,3603,1,1
P366,P412,0.04331030,0.70531893,0.00000000,,3597,1,1
P366,P414,0.04506691,0.73392582,0.00000000,,3589,1,1
P366,P420,0.04368178,0.71136862,0.00000000,,3602,1,1
P366,P425,0.04429484,0.72135240,0.00000000,,3601,1,1
P366,P732,0.05905842,0.63925117,0.96758950,25.670,3569,0,1
P366,P734,0.04275977,0.69635350,0.00000000,,3602,0,1
P367,BCOV,0.01468374,0.61062914,0.00000000,,3632,0,1
P367,CORV,0.02437580,0.73516417,0.83553892,59.946,3639,0,1
P367,CPXX,0.01618809,0.67318797,0.00000000,,3634,0,1
P367,DDSN,0.01502712,0.62490875,0.00000000,,3621,0,1
P367,KTBW,0.01606755,0.66817540,0.00000000,,3599,0,1
P367,NANO,0.01705192,0.70911092,0.00000000,,3639,0,1
P367,NTKA,0.01643376,0.68340427,0.00000000,,3626,0,1
P367,OBSR,0.01076032,0.44747216,0.00000000,,3616,0,1
P367,P058,0.01627425,0.67677122,0.00000000,,3629,0,1
P367,P154,0.01521565,0.63274902,0.00000000,,3604,0,1
P367,P168,0.01586015,0.65955073,0.00000000,,3639,0,1
P367,P324,0.01708939,0.71066910,0.00000000,,3640,0,1
P367,P326,0.01577855,0.65615702,0.00000000,,3640,0,1
P367,P327,0.01556879,0.64743429,0.00000000,,3640,0,1
P367,P332,0.01610534,0.66974676,0.00000000,,3579,0,1
P367,P345,0.01688124,0.70201313,0.00000000,,3562,0,1
P367,P349,0.01563385,0.65013963,0.00000000,,3586,0,1
P367,P364,0.01650607,0.68641132,0.00000000,,3588,0,1
P367,P365,0.01690187,0.70287097,0.00000000,,3638,0,1
P367,P366,0.02226458,0.74016982,0.55713505,108.162,3592,0,1
P367,P374,0.02347748,0.67330021,0.90906042,43.668,3556,0,1
P367,P375,0.02483502,0.74087590,0.87569475,51.524,3638,0,1
P367,P376,0.02336461,0.74025857,0.69410437,85.456,3611,0,1
P367,P377,0.01827174,0.75983739,0.00000000,,3618,1,1
P367,P385,0.01551101,0.64503151,0.00000000,,3638,0,1
P367,P387,0.01228741,0.51097667,0.00000000,,3621,0,1
P367,P395,0.02327773,0.67561710,0.87718987,51.192,3627,0,1
P367,P397,0.01532370,0.63724202,0.00000000,,3640,0,1
P367,P398,0.01888954,0.78552890,0.00000000,,3639,1,1
P367,P401,0.01857460,0.77243215,0.00000000,,3633,1,1
P367,P402,0.01768608,0.73548275,0.00000000,,3636,0,1
P367,P404,0.02361581,0.74554241,0.70959145,82.833,3630,0,1
P367,P406,0.02336116,0.76582813,0.61696434,98.280,3638,1,1
P367,P407,0.01498372,0.62310374,0.00000000,,3560,0,1
P367,P409,0.01829070,0.76062620,0.00000000,,3641,1,1
P367,P412,0.01845083,0.76728499,0.00000000,,3635,1,1
P367,P414,0.01908262,0.79355824,0.00000000,,3627,1,1
P367,P418,0.01738526,0.72297269,0.00000000,,3639,0,1
P367,P420,0.01826238,0.75944817,0.00000000,,3640,0,1
P367,P421,0.01771026,0.73648810,0.00000000,,3638,0,1
P367,P425,0.01851860,0.77010334,0.00000000,,3639,1,1
P367,P427,0.01691412,0.70338035,0.00000000,,3640,0,1
P367,P429,0.01512062,0.62879688,0.00000000,,3638,0,1
P367,P434,0.01600069,0.66539490,0.00000000,,3641,0,1
P367,P446,0.01756746,0.73054957,0.00000000,,3640,0,1
P367,P698,0.01230187,0.51157808,0.00000000,,3639,0,1
P367,P700,0.01303042,0.54187530,0.00000000,,3601,0,1
P367,P733,0.01767560,0.73504704,0.00000000,,3638,0,1
P367,P734,0.01744630,0.72551131,0.00000000,,3640,0,1
P367,PSPT,0.01524774,0.63408339,0.00000000,,3489,0,1
P367,PTAL,0.01581895,0.65783733,0.00000000,,3641,0,1
P367,PTRF,0.01492983,0.62086296,0.00000000,,3609,0,1
P367,QUAD,0.01625797,0.67609411,0.00000000,,3633,0,1
P367,REDM,0.01624086,0.67538244,0.00000000,,3639,0,1
P367,TPW2,0.01395286,0.58023542,0.00000000,,3639,0,1
P367,UCLU,0.01760384,0.73206276,0.00000000,,3625,0,1
P370,P163,0.07767451,0.56173700,0.00000000,,3647,0,1
P370,P324,0.08614738,0.62301224,0.00000000,,3648,1,1
P370,P332,0.07914412,0.57236511,0.00000000,,3587,1,1
P370,P374,0.08203880,0.59329921,0.00000000,,3563,1,1
P370,P380,0.11403783,0.56858456,0.76838887,72.589,3646,1,1
P370,P398,0.07941992,0.57435966,0.00000000,,3647,1,1
P370,P446,0.08103470,0.58603764,0.00000000,,3647,1,1
P370,P734,0.09672169,0.56651217,0.39891857,135.573,3647,1,1
P370,PSPT,0.11941362,0.59229100,0.81390148,64.174,3496,1,1
P374,P367,0.11536325,0.67330021,0.90906042,43.668,3556,1,1
P374,P370,0.07010499,0.59329921,0.00000000,,3563,0,1
P374,P376,0.10951895,0.67188168,0.76493490,73.207,3541,1,1
P374,P398,0.07733115,0.65445429,0.00000000,,3565,1,1
P374,P406,0.08008756,0.67778194,0.00000000,,3564,1,1
P374,P414,0.07856959,0.66493523,0.00000000,,3553,1,1
P374,P417,0.07456593,0.63105226,0.00000000,,3565,0,1
P374,P421,0.07749317,0.65582544,0.00000000,,3564,1,1
P374,P425,0.07914988,0.66984624,0.00000000,,3565,1,1
P374,P446,0.08026723,0.67930233,0.00000000,,3566,1,1
P375,CPXX,0.06346685,0.65573853,0.00000000,,3642,0,1
P375,DDSN,0.05843278,0.60372657,0.00000000,,3629,0,1
P375,P367,0.09995893,0.74087590,0.87569475,51.524,3638,1,1
P375,P385,0.06025489,0.62255263,0.00000000,,3646,0,1
P375,P398,0.06778719,0.70037615,0.00000000,,3648,1,1
P375,P404,0.09701902,0.71161467,0.87235296,52.261,3638,1,1
P375,P409,0.06995483,0.72277218,0.00000000,,3649,1,1
P375,P412,0.08969948,0.70158577,0.67556363,88.567,3644,1,1
P375,P414,0.06807098,0.70330822,0.00000000,,3635,1,1
P375,P420,0.06867146,0.70951241,0.00000000,,3648,1,1
P375,P425,0.06816550,0.70428485,0.00000000,,3647,1,1
P375,P429,0.05946893,0.61443204,0.00000000,,3647,0,1
P376,CORV,0.06913525,0.70463407,0.91305089,42.653,3620,0,1
P376,ENUM,0.03100790,0.45254028,0.00000000,,3548,0,1
P376,KTBW,0.04419795,0.64504069,0.00000000,,3580,0,1
P376,P163,0.03791454,0.55333829,0.00000000,,3621,0,1
P376,P362,0.04450892,0.64957905,0.00000000,,3600,0,1
P376,P365,0.04798526,0.70031387,0.00000000,,3619,0,1
P376,P367,0.06657551,0.74025857,0.69410437,85.456,3611,1,1
P376,P374,0.06350812,0.67188168,0.76493490,73.207,3541,0,1
P376,P382,0.04452710,0.64984435,0.00000000,,3603,0,1
P376,P383,0.05866811,0.64725715,0.62689847,96.641,3497,0,1
P376,P398,0.04916301,0.71750253,0.00000000,,3620,1,1
P376,P401,0.04857004,0.70884842,0.00000000,,3614,1,1
P376,P406,0.07222988,0.73361385,0.96160376,27.983,3619,1,1
P376,P414,0.05064351,0.73910946,0.00000000,,3608,1,1
P376,P420,0.04857695,0.70894921,0.00000000,,3621,1,1
P376,P425,0.05060557,0.73855561,0.00000000,,3620,1,1
P376,P446,0.04945295,0.72173393,0.00000000,,3621,1,1
P376,P696,0.03136994,0.45782408,0.00000000,,3607,0,1
P377,DDSN,0.03982411,0.61668181,0.55994862,107.695,3609,0,1
P377,OBSR,0.02222623,0.44834727,0.00000000,,3604,0,1
P377,P062,0.03263147,0.65824157,0.00000000,,3628,0,1
P377,P164,0.03331234,0.67197615,0.00000000,,3563,0,1
P377,P326,0.03284243,0.66249704,0.00000000,,3628,0,1
P377,P327,0.03110470,0.62744367,0.00000000,,3628,0,1
P377,P349,0.03234469,0.65245658,0.00000000,,3576,0,1
P377,P362,0.03106786,0.62670052,0.00000000,,3607,0,1
P377,P365,0.04178203,0.70308226,0.41923258,131.858,3626,0,1
P377,P367,0.03766795,0.75983739,0.00000000,,3618,1,1
P377,P380,0.03461020,0.69815642,0.00000000,,3627,0,1
P377,P382,0.04064143,0.68128282,0.41560704,132.515,3610,0,1
P377,P383,0.04615989,0.65674615,0.82317191,62.384,3504,0,1
P377,P398,0.03728174,0.75204682,0.00000000,,3627,1,1
P377,P401,0.03671364,0.74058700,0.00000000,,3621,1,1
P377,P406,0.03633758,0.73300123,0.00000000,,3626,1,1
P377,P407,0.03041172,0.61346477,0.00000000,,3548,0,1
P377,P412,0.03570039,0.72014773,0.00000000,,3623,1,1
P377,P414,0.03751159,0.75668341,0.00000000,,3615,1,1
P377,P420,0.03659556,0.73820508,0.00000000,,3628,1,1
P377,P425,0.03613251,0.72886455,0.00000000,,3627,1,1
P377,P437,0.03405774,0.68701220,0.00000000,,3624,0,1
P377,P696,0.02275744,0.45906281,0.00000000,,3614,0,1
P377,P733,0.03539886,0.71406519,0.00000000,,3626,0,1
P377,P734,0.03458838,0.69771636,0.00000000,,3628,0,1
P377,P784,0.03112910,0.62793577,0.00000000,,3596,0,1
P377,QUAD,0.03307018,0.66709125,0.00000000,,3621,0,1
P380,DDSN,0.05720013,0.59431219,0.30954537,153.144,3630,0,1
P380,P154,0.06157131,0.62549174,0.37591219,139.886,3613,0,1
P380,P163,0.04583051,0.55885369,0.00000000,,3649,0,1
P380,P345,0.05721993,0.69773549,0.00000000,,3571,1,1
P380,P349,0.05312753,0.64783293,0.00000000,,3595,0,1
P380,P370,0.06763321,0.56858456,0.76838887,72.589,3646,0,1
P380,P377,0.05725446,0.69815642,0.00000000,,3627,1,1
P380,P382,0.06974496,0.65235442,0.59433073,102.012,3631,0,1
P380,P401,0.05727490,0.69840568,0.00000000,,3642,1,1
P380,P406,0.05934753,0.72367913,0.00000000,,3647,1,1
P380,P414,0.05738391,0.69973505,0.00000000,,3636,1,1
P380,P425,0.05688027,0.69359362,0.00000000,,3648,1,1
P380,P446,0.05672859,0.69174403,0.00000000,,3649,1,1
P380,P784,0.07942002,0.70979482,0.77594036,71.229,3617,1,1
P380,REDM,0.05403863,0.65894282,0.00000000,,3648,0,1
P382,P345,0.09337837,0.64644545,0.00000000,,3564,1,1
P382,P376,0.09386933,0.64984435,0.00000000,,3603,1,1
P382,P377,0.11842192,0.68128282,0.41560704,132.515,3610,1,1
P382,P380,0.12284873,0.65235442,0.59433073,102.012,3631,1,1
P382,P401,0.09407385,0.65126020,0.00000000,,3625,1,1
P382,P406,0.09606015,0.66501105,0.00000000,,3630,1,1
P382,P414,0.09432627,0.65300769,0.00000000,,3619,1,1
P382,P425,0.09442277,0.65367573,0.00000000,,3631,1,1
P383,CPXX,0.07254795,0.66681623,0.00000000,,3520,1,1
P383,DDSN,0.06563023,0.60323280,0.00000000,,3507,0,1
P383,ENUM,0.04966465,0.45648697,0.00000000,,3461,0,1
P383,P155,0.07267974,0.66802758,0.00000000,,3508,1,1
P383,P366,0.07010287,0.64434254,0.00000000,,3496,1,1
P383,P376,0.09315497,0.64725715,0.62689847,96.641,3497,1,1
P383,P377,0.10130537,0.65674615,0.82317191,62.384,3504,1,1
P383,P407,0.06948036,0.63862079,0.00000000,,3446,0,1
P383,P414,0.07177033,0.65966880,0.00000000,,3513,1,1
P383,P425,0.07067642,0.64961421,0.00000000,,3525,1,1
P383,P434,0.07010851,0.64439440,0.00000000,,3527,1,1
P383,P696,0.04781520,0.43948796,0.00000000,,3514,0,1
P385,P367,0.09870642,0.64503151,0.00000000,,3638,1,1
P385,P375,0.09526657,0.62255263,0.00000000,,3646,1,1
P385,P398,0.09744851,0.63681126,0.00000000,,3647,1,1
P385,P401,0.09351096,0.61107993,0.00000000,,3641,1,1
P385,P409,0.09609555,0.62796980,0.00000000,,3649,1,1
P385,P412,0.12555760,0.62050587,0.59998196,101.080,3643,1,1
P385,P420,0.09358580,0.61156899,0.00000000,,3648,1,1
P385,P421,0.09579426,0.62600100,0.00000000,,3646,1,1
P387,P062,0.11402906,0.52519011,0.38954329,137.316,3631,1,1
P387,P367,0.08895087,0.51097667,0.00000000,,3621,1,1
P387,P412,0.11498906,0.51795143,0.42780355,130.314,3627,1,1
P387,P414,0.08997595,0.51686525,0.00000000,,3618,1,1
P387,P420,0.08949193,0.51408482,0.00000000,,3631,1,1
P387,P421,0.09161319,0.52627033,0.00000000,,3629,1,1
P387,P425,0.09118818,0.52382892,0.00000000,,3630,1,1
P387,P437,0.08765497,0.50353241,0.00000000,,3627,1,1
P395,P367,0.11570729,0.67561710,0.87718987,51.192,3627,1,1
P395,P398,0.08296724,0.69410872,0.00000000,,3636,1,1
P395,P401,0.08153404,0.68211842,0.00000000,,3630,1,1
P395,P402,0.08457649,0.70757174,0.00000000,,3633,1,1
P395,P414,0.08084147,0.67632437,0.00000000,,3624,1,1
P395,P417,0.07456589,0.62382245,0.00000000,,3636,0,1
P395,P420,0.08412430,0.70378876,0.00000000,,3637,1,1
P395,P435,0.06698446,0.56039584,0.00000000,,3592,0,1
P395,P446,0.08841555,0.73968953,0.00000000,,3637,1,1
P395,P733,0.08090912,0.67689031,0.00000000,,3635,1,1
P397,KTBW,0.09242058,0.66184294,0.00000000,,3609,1,1
P397,P366,0.08697135,0.62281990,0.00000000,,3602,1,1
P397,P367,0.08898527,0.63724202,0.00000000,,3640,1,1
P397,P398,0.12637801,0.62128979,0.85118824,56.767,3649,1,1
P397,P414,0.08671913,0.62101376,0.00000000,,3637,1,1
P397,P418,0.08691277,0.62240034,0.00000000,,3649,1,1
P397,P420,0.12096260,0.61230832,0.76179016,73.768,3650,1,1
P397,P425,0.12446196,0.63624722,0.76515228,73.168,3649,1,1
P398,ARLI,0.01494966,0.69186389,0.00000000,,3558,0,1
P398,BAMF,0.01310725,0.60659802,0.00000000,,3648,0,1
P398,BCOV,0.01344116,0.62205148,0.00000000,,3641,0,1
P398,CLRS,0.01398075,0.64702326,0.00000000,,3639,0,1
P398,CORV,0.01492128,0.69055080,0.00000000,,3648,0,1
P398,NANO,0.01559660,0.72180402,0.00000000,,3648,0,1
P398,NTKA,0.01492445,0.69069743,0.00000000,,3635,0,1
P398,P058,0.01500801,0.69456440,0.00000000,,3638,0,1
P398,P154,0.01387237,0.64200765,0.00000000,,3614,0,1
P398,P155,0.01412820,0.65384722,0.00000000,,3631,0,1
P398,P160,0.01339396,0.61986673,0.00000000,,3630,0,1
P398,P161,0.01285391,0.59487349,0.00000000,,3634,0,1
P398,P163,0.01205395,0.55785197,0.00000000,,3649,0,1
P398,P169,0.01533072,0.70949942,0.00000000,,3648,0,1
P398,P324,0.01552648,0.71855915,0.00000000,,3650,0,1
P398,P327,0.01380302,0.63879812,0.00000000,,3649,0,1
P398,P332,0.01463077,0.67710608,0.00000000,,3589,0,1
P398,P345,0.01542795,0.71399921,0.00000000,,3571,0,1
P398,P349,0.01424227,0.65912622,0.00000000,,3596,0,1
P398,P364,0.01475099,0.68266952,0.00000000,,3597,0,1
P398,P366,0.01548958,0.71685147,0.00000000,,3601,0,1
P398,P367,0.01697355,0.78552890,0.00000000,,3639,1,1
P398,P370,0.01241065,0.57435966,0.00000000,,3647,0,1
P398,P374,0.01414132,0.65445429,0.00000000,,3565,0,1
P398,P375,0.01513359,0.70037615,0.00000000,,3648,0,1
P398,P376,0.01550365,0.71750253,0.00000000,,3620,0,1
P398,P377,0.01625008,0.75204682,0.00000000,,3627,0,1
P398,P385,0.01376009,0.63681126,0.00000000,,3647,0,1
P398,P395,0.01499816,0.69410872,0.00000000,,3636,0,1
P398,P397,0.01955548,0.62128979,0.85118824,56.767,3649,0,1
P398,P401,0.01724397,0.79804391,0.00000000,,3642,1,1
P398,P402,0.02092733,0.76220143,0.61891955,97.957,3645,1,1
P398,P406,0.01625540,0.75229329,0.00000000,,3647,0,1
P398,P409,0.01609664,0.74494559,0.00000000,,3650,0,1
P398,P412,0.01630134,0.75441903,0.00000000,,3644,1,1
P398,P414,0.01703356,0.78830606,0.00000000,,3636,1,1
P398,P417,0.01910667,0.60779738,0.82935435,61.173,3648,0,1
P398,P418,0.02325257,0.78453571,0.87475079,51.733,3648,1,1
P398,P420,0.02182060,0.78417683,0.67701381,88.325,3649,1,1
P398,P421,0.01627744,0.75331300,0.00000000,,3647,0,1
P398,P425,0.02110217,0.76865363,0.62383848,97.146,3648,1,1
P398,P429,0.01376389,0.63698697,0.00000000,,3648,0,1
P398,P434,0.01493268,0.69107825,0.00000000,,3650,0,1
P398,P435,0.01213448,0.56157887,0.00000000,,3604,0,1
P398,P437,0.01575510,0.72913957,0.00000000,,3645,0,1
P398,P439,0.01528572,0.70741671,0.00000000,,3645,0,1
P398,P446,0.01599222,0.74011344,0.00000000,,3649,0,1
P398,P698,0.01078687,0.49921194,0.00000000,,3648,0,1
P398,P732,0.01401780,0.64873773,0.00000000,,3596,0,1
P398,P733,0.01568753,0.72601247,0.00000000,,3647,0,1
P398,P734,0.01576529,0.72961080,0.00000000,,3649,0,1
P398,P784,0.01340387,0.62032545,0.00000000,,3617,0,1
P398,PCOL,0.01734959,0.61195046,0.57294405,105.543,3635,0,1
P398,PGC5,0.01440439,0.66662920,0.00000000,,3647,0,1
P398,PSPT,0.01350370,0.62494552,0.00000000,,3498,0,1
P398,PTAL,0.01462755,0.67695689,0.00000000,,3650,0,1
P398,PTRF,0.01352905,0.62611872,0.00000000,,3618,0,1
P398,QUAD,0.01488861,0.68903840,0.00000000,,3642,0,1
P398,REDM,0.01483454,0.68653613,0.00000000,,3648,0,1
P398,SEDR,0.01537276,0.71144509,0.00000000,,3648,0,1
P398,TPW2,0.01791174,0.58821350,0.72220242,80.678,3648,0,1
P398,UCLU,0.01620729,0.75006670,0.00000000,,3634,0,1
P398,ZSE1,0.01545734,0.71535927,0.00000000,,3543,0,1
P401,ALBH,0.02521856,0.73358840,0.64322656,93.942,3633,0,1
P401,ARLI,0.01828974,0.68753421,0.00000000,,3552,0,1
P401,BAMF,0.02192224,0.63927114,0.55444062,108.609,3642,0,1
P401,BCOV,0.01689878,0.63524634,0.00000000,,3635,0,1
P401,CLRS,0.02267745,0.65659851,0.58762622,103.118,3633,0,1
P401,NANO,0.01875927,0.70518452,0.00000000,,3642,0,1
P401,NTKA,0.01945650,0.73139435,0.00000000,,3629,0,1
P401,OBSR,0.01163545,0.43739128,0.00000000,,3619,0,1
P401,P058,0.01834593,0.68964642,0.00000000,,3632,0,1
P401,P154,0.01690831,0.63560450,0.00000000,,3607,0,1
P401,P160,0.01629668,0.61261272,0.00000000,,3624,0,1
P401,P169,0.01864142,0.70075428,0.00000000,,3642,0,1
P401,P327,0.01717034,0.64545453,0.00000000,,3643,0,1
P401,P332,0.01782331,0.67000073,0.00000000,,3582,0,1
P401,P345,0.01846702,0.69419843,0.00000000,,3565,0,1
P401,P364,0.01834564,0.68963540,0.00000000,,3591,0,1
P401,P367,0.02054819,0.77243215,0.00000000,,3633,1,1
P401,P376,0.01885674,0.70884842,0.00000000,,3614,0,1
P401,P377,0.01970105,0.74058700,0.00000000,,3621,0,1
P401,P380,0.01857894,0.69840568,0.00000000,,3642,0,1
P401,P382,0.01732478,0.65126020,0.00000000,,3625,0,1
P401,P385,0.01625591,0.61107993,0.00000000,,3641,0,1
P401,P395,0.01814567,0.68211842,0.00000000,,3630,0,1
P401,P398,0.02122951,0.79804391,0.00000000,,3642,1,1
P401,P402,0.02920732,0.77627259,0.96500170,26.693,3639,1,1
P401,P406,0.01967906,0.73976076,0.00000000,,3641,0,1
P401,P409,0.01972244,0.74139112,0.00000000,,3644,1,1
P401,P414,0.02022485,0.76027769,0.00000000,,3630,1,1
P401,P418,0.02408075,0.73547024,0.50926620,116.171,3642,0,1
P401,P420,0.02012516,0.75653017,0.00000000,,3643,1,1
P401,P421,0.01928091,0.72479367,0.00000000,,3641,0,1
P401,P429,0.01664387,0.62566382,0.00000000,,3641,0,1
P401,P434,0.01789120,0.67255253,0.00000000,,3644,0,1
P401,P435,0.02155390,0.56736922,0.72860664,79.577,3598,0,1
P401,P437,0.01881256,0.70718771,0.00000000,,3639,0,1
P401,P439,0.01989181,0.74775821,0.00000000,,3639,1,1
P401,P446,0.01914151,0.71955341,0.00000000,,3643,0,1
P401,P732,0.01688720,0.63481110,0.00000000,,3590,0,1
P401,P733,0.01940634,0.72950876,0.00000000,,3641,0,1
P401,P734,0.01908771,0.71753109,0.00000000,,3643,0,1
P401,P784,0.01679985,0.63152754,0.00000000,,3611,0,1
P401,PGC5,0.02294574,0.68810552,0.52336055,113.797,3641,0,1
P401,PSPT,0.01618847,0.60854495,0.00000000,,3492,0,1
P401,PTAL,0.01813123,0.68157566,0.00000000,,3644,0,1
P401,PTRF,0.02399961,0.63826299,0.79173791,68.341,3612,0,1
P401,QUAD,0.01840615,0.69191039,0.00000000,,3636,0,1
P401,REDM,0.01767602,0.66446370,0.00000000,,3642,0,1
P401,SEDR,0.01852170,0.69625407,0.00000000,,3642,0,1
P401,UCLU,0.02434679,0.77527380,0.41985753,131.745,3628,1,1
P401,ZSE1,0.01838119,0.69097203,0.00000000,,3537,0,1
P402,ALBH,0.06172441,0.71909511,0.65362728,92.219,3636,1,1
P402,BAMF,0.03877265,0.58856523,0.00000000,,3645,0,1
P402,BCOV,0.03939710,0.59804434,0.00000000,,3638,0,1
P402,NTKA,0.04576890,0.69476759,0.00000000,,3632,0,1
P402,P332,0.04285262,0.65049875,0.00000000,,3585,0,1
P402,P367,0.04845107,0.73548275,0.00000000,,3636,1,1
P402,P395,0.04661239,0.70757174,0.00000000,,3633,0,1
P402,P398,0.06380197,0.76220143,0.61891955,97.957,3645,1,1
P402,P401,0.07232849,0.77627259,0.96500170,26.693,3639,1,1
P402,P414,0.04786874,0.72664309,0.00000000,,3633,1,1
P402,P417,0.04193426,0.63655812,0.00000000,,3645,0,1
P402,P418,0.06190733,0.71651781,0.66968924,89.548,3645,0,1
P402,P420,0.04785964,0.72650486,0.00000000,,3646,1,1
P402,P435,0.05795335,0.61543941,0.79286152,68.133,3601,0,1
P402,P439,0.04721971,0.71679085,0.00000000,,3642,1,1
P402,P733,0.04617221,0.70088995,0.00000000,,3644,0,1
P402,PGC5,0.05407743,0.65233195,0.50567526,116.778,3644,0,1
P402,UCLU,0.04746231,0.72047353,0.00000000,,3631,1,1
P404,DDSN,0.06217288,0.60948658,0.00000000,,3621,0,1
P404,P155,0.06690063,0.65583313,0.00000000,,3622,0,1
P404,P170,0.03534370,0.34647766,0.00000000,,3602,0,1
P404,P366,0.07185608,0.70441192,0.00000000,,3592,1,1
P404,P367,0.10017989,0.74554241,0.70959145,82.833,3630,1,1
P404,P375,0.10225333,0.71161467,0.87235296,52.261,3638,1,1
P404,P406,0.10683644,0.71995372,0.98212183,18.995,3638,1,1
P404,P409,0.09864407,0.72096592,0.73815346,77.923,3641,1,1
P404,P414,0.07526452,0.73782516,0.00000000,,3627,1,1
P404,P420,0.07328698,0.71843916,0.00000000,,3640,1,1
P404,P425,0.07125008,0.69847125,0.00000000,,3639,1,1
P406,CORV,0.05716338,0.70428944,0.79186684,68.317,3647,0,1
P406,P154,0.03838083,0.65010232,0.00000000,,3612,0,1
P406,P367,0.05735454,0.76582813,0.61696434,98.280,3638,1,1
P406,P374,0.04001498,0.67778194,0.00000000,,3564,0,1
P406,P376,0.06223496,0.73361385,0.96160376,27.983,3619,1,1
P406,P377,0.04327502,0.73300123,0.00000000,,3626,0,1
P406,P380,0.04272467,0.72367913,0.00000000,,3647,0,1
P406,P382,0.03926101,0.66501105,0.00000000,,3630,0,1
P406,P398,0.04441399,0.75229329,0.00000000,,3647,1,1
P406,P401,0.04367409,0.73976076,0.00000000,,3641,1,1
P406,P404,0.06183227,0.71995372,0.98212183,18.995,3638,0,1
P406,P409,0.05854968,0.73786569,0.76158202,73.805,3649,1,1
P406,P414,0.04644036,0.78661633,0.00000000,,3635,1,1
P406,P420,0.04436096,0.75139505,0.00000000,,3648,1,1
P406,P421,0.04250230,0.71991265,0.00000000,,3646,0,1
P406,P425,0.04436453,0.75145549,0.00000000,,3647,1,1
P406,P734,0.04119868,0.69783169,0.00000000,,3648,0,1
P406,P784,0.03927784,0.66529602,0.00000000,,3616,0,1
P406,PCOL,0.03540443,0.59968740,0.00000000,,3634,0,1
P406,REDM,0.03885392,0.65811568,0.00000000,,3647,0,1
P407,CPXX,0.09266751,0.62700188,0.00000000,,3564,1,1
P407,P366,0.09400424,0.63604647,0.00000000,,3522,1,1
P407,P367,0.09209137,0.62310374,0.00000000,,3560,1,1
P407,P377,0.09066679,0.61346477,0.00000000,,3548,1,1
P407,P383,0.09438471,0.63862079,0.00000000,,3446,1,1
P407,P414,0.12251265,0.62017447,0.62629193,96.741,3557,1,1
P407,P425,0.12469886,0.64202511,0.60511684,100.233,3569,1,1
P407,P437,0.09191435,0.62190592,0.00000000,,3566,1,1
P409,P058,0.04858770,0.66375107,0.00000000,,3640,0,1
P409,P154,0.04622086,0.63141787,0.00000000,,3615,0,1
P409,P366,0.05158591,0.70470929,0.00000000,,3603,0,1
P409,P367,0.05567912,0.76062620,0.00000000,,3641,1,1
P409,P375,0.05290815,0.72277218,0.00000000,,3649,1,1
P409,P385,0.04596845,0.62796980,0.00000000,,3649,0,1
P409,P398,0.05453128,0.74494559,0.00000000,,3650,1,1
P409,P401,0.05427108,0.74139112,0.00000000,,3644,1,1
P409,P404,0.07078729,0.72096592,0.73815346,77.923,3641,0,1
P409,P406,0.07259605,0.73786569,0.76158202,73.805,3649,1,1
P409,P414,0.07811742,0.76245230,0.91410238,42.382,3638,1,1
P409,P418,0.05256575,0.71809471,0.00000000,,3650,0,1
P409,P420,0.05550118,0.75819534,0.00000000,,3651,1,1
P409,P425,0.07308757,0.74389720,0.76363111,73.440,3650,1,1
P409,P429,0.04550022,0.62157333,0.00000000,,3649,0,1
P409,SC04,0.04448972,0.60776901,0.00000000,,3630,0,1
P412,CABL,0.03501195,0.58341151,0.00000000,,3584,0,1
P412,OBSR,0.02607185,0.43444073,0.00000000,,3621,0,1
P412,P062,0.04167831,0.69449437,0.00000000,,3645,0,1
P412,P170,0.02059865,0.34323975,0.00000000,,3607,0,1
P412,P364,0.04437200,0.73938012,0.00000000,,3594,1,1
P412,P365,0.04435942,0.73917049,0.00000000,,3644,1,1
P412,P366,0.04232791,0.70531893,0.00000000,,3597,0,1
P412,P367,0.04604665,0.76728499,0.00000000,,3635,1,1
P412,P375,0.05561795,0.70158577,0.67556363,88.567,3644,0,1
P412,P377,0.04321782,0.72014773,0.00000000,,3623,0,1
P412,P385,0.04924020,0.62050587,0.59998196,101.080,3643,0,1
P412,P387,0.03964137,0.51795143,0.42780355,130.314,3627,0,1
P412,P398,0.04527453,0.75441903,0.00000000,,3644,1,1
P412,P414,0.06150488,0.76164764,0.78966355,68.724,3632,1,1
P412,P420,0.04401280,0.73339456,0.00000000,,3645,1,1
P412,P421,0.04335430,0.72242182,0.00000000,,3643,0,1
P412,P425,0.04465006,0.74401343,0.00000000,,3644,1,1
P412,P427,0.06410546,0.74982083,0.95514590,30.296,3645,1,1
P412,P429,0.05188968,0.61325681,0.75417554,75.117,3643,0,1
P412,P700,0.03412805,0.56868297,0.00000000,,3606,0,1
P412,P732,0.04287958,0.71451145,0.00000000,,3593,0,1
P414,ARLI,0.01520600,0.67400455,0.00000000,,3546,0,1
P414,BCOV,0.01363240,0.60425508,0.00000000,,3629,0,1
P414,CABL,0.01172565,0.51973867,0.00000000,,3575,0,1
P414,CORV,0.01629975,0.72248518,0.00000000,,3636,0,1
P414,DDSN,0.01351470,0.59903818,0.00000000,,3618,0,1
P414,ENUM,0.01045531,0.46343070,0.00000000,,3564,0,1
P414,KTBW,0.01454823,0.64484906,0.00000000,,3596,0,1
P414,NANO,0.01584015,0.70211333,0.00000000,,3636,0,1
P414,OBSR,0.00985246,0.43670961,0.00000000,,3613,0,1
P414,P062,0.01440255,0.63839203,0.00000000,,3637,0,1
P414,P154,0.01393179,0.61752534,0.00000000,,3601,0,1
P414,P155,0.01504377,0.66681397,0.00000000,,3619,0,1
P414,P164,0.01522739,0.67495269,0.00000000,,3570,0,1
P414,P168,0.01475638,0.65407526,0.00000000,,3636,0,1
P414,P169,0.01557722,0.69045907,0.00000000,,3636,0,1
P414,P170,0.00786222,0.34849212,0.00000000,,3605,0,1
P414,P324,0.01604695,0.71127987,0.00000000,,3637,0,1
P414,P326,0.01505149,0.66715622,0.00000000,,3637,0,1
P414,P327,0.01454044,0.64450371,0.00000000,,3637,0,1
P414,P345,0.01606645,0.71214390,0.00000000,,3559,0,1
P414,P349,0.01482586,0.65715522,0.00000000,,3583,0,1
P414,P364,0.01532197,0.67914510,0.00000000,,3585,0,1
P414,P365,0.01567978,0.69500512,0.00000000,,3635,0,1
P414,P366,0.01655786,0.73392582,0.00000000,,3589,0,1
P414,P367,0.01790321,0.79355824,0.00000000,,3627,1,1
P414,P374,0.01500139,0.66493523,0.00000000,,3553,0,1
P414,P375,0.01586711,0.70330822,0.00000000,,3635,0,1
P414,P376,0.01667481,0.73910946,0.00000000,,3608,0,1
P414,P377,0.01707129,0.75668341,0.00000000,,3615,0,1
P414,P380,0.01578649,0.69973505,0.00000000,,3636,0,1
P414,P382,0.01473229,0.65300769,0.00000000,,3619,0,1
P414,P383,0.01488257,0.65966880,0.00000000,,3513,0,1
P414,P387,0.01166083,0.51686525,0.00000000,,3618,0,1
P414,P395,0.01525833,0.67632437,0.00000000,,3624,0,1
P414,P397,0.01401049,0.62101376,0.00000000,,3637,0,1
P414,P398,0.01778471,0.78830606,0.00000000,,3636,1,1
P414,P401,0.01715237,0.76027769,0.00000000,,3630,1,1
P414,P402,0.01639356,0.72664309,0.00000000,,3633,0,1
P414,P404,0.01664583,0.73782516,0.00000000,,3627,0,1
P414,P406,0.01774659,0.78661633,0.00000000,,3635,1,1
P414,P407,0.01870141,0.62017447,0.62629193,96.741,3557,0,1
P414,P409,0.02407569,0.76245230,0.91410238,42.382,3638,1,1
P414,P412,0.02312173,0.76164764,0.78966355,68.724,3632,1,1
P414,P420,0.01779121,0.78859407,0.00000000,,3637,1,1
P414,P421,0.01709612,0.75778407,0.00000000,,3635,0,1
P414,P425,0.01741548,0.77193981,0.00000000,,3636,1,1
P414,P427,0.02279937,0.72043103,0.87044823,52.678,3637,0,1
P414,P429,0.01986230,0.61174029,0.80596387,65.684,3635,0,1
P414,P434,0.01527865,0.67722493,0.00000000,,3638,0,1
P414,P446,0.02356369,0.73074991,0.94112605,34.836,3637,0,1
P414,P696,0.01618992,0.43593025,0.84506059,58.025,3623,0,1
P414,P698,0.01808610,0.51629889,0.85609883,55.744,3636,0,1
P414,P700,0.01968286,0.58273375,0.86912221,52.966,3598,0,1
P414,P733,0.01627884,0.72155833,0.00000000,,3635,0,1
P414,P784,0.01404135,0.62238157,0.00000000,,3610,0,1
P414,PSPT,0.01384599,0.61372250,0.00000000,,3486,0,1
P414,PTAL,0.01486497,0.65888840,0.00000000,,3638,0,1
P414,REDM,0.01531381,0.67878318,0.00000000,,3636,0,1
P414,SEDR,0.01569152,0.69552517,0.00000000,,3636,0,1
P414,TPW2,0.01339143,0.59357387,0.00000000,,3636,0,1
P414,UCLU,0.01628799,0.72196394,0.00000000,,3622,0,1
P417,NANO,0.08148859,0.61068606,0.00000000,,3648,1,1
P417,P374,0.08420622,0.63105226,0.00000000,,3565,1,1
P417,P395,0.08324149,0.62382245,0.00000000,,3636,1,1
P417,P398,0.11799220,0.60779738,0.82935435,61.173,3648,1,1
P417,P402,0.08494091,0.63655812,0.00000000,,3645,1,1
P417,P421,0.11741488,0.61288649,0.80110741,66.597,3647,1,1
P417,P425,0.12405445,0.61862332,0.93317038,37.193,3648,1,1
P417,P446,0.12874413,0.68602425,0.83640265,59.774,3649,1,1
P418,ARLI,0.04589117,0.67215383,0.00000000,,3558,0,1
P418,KTBW,0.06292652,0.63929492,0.84711099,57.606,3608,0,1
P418,P367,0.04936082,0.72297269,0.00000000,,3639,1,1
P418,P397,0.04249427,0.62240034,0.00000000,,3649,0,1
P418,P398,0.07347184,0.78453571,0.87475079,51.733,3648,1,1
P418,P401,0.06180410,0.73547024,0.50926620,116.171,3642,1,1
P418,P402,0.06416108,0.71651781,0.66968924,89.548,3645,1,1
P418,P409,0.04902778,0.71809471,0.00000000,,3650,1,1
P418,P420,0.06649607,0.73768634,0.70878315,82.971,3649,1,1
P418,P425,0.05024586,0.73593563,0.00000000,,3648,1,1
P418,P434,0.04518165,0.66176158,0.00000000,,3650,0,1
P418,P437,0.04992563,0.73124528,0.00000000,,3645,1,1
P418,P700,0.03802503,0.55694085,0.00000000,,3610,0,1
P418,PCOL,0.05942423,0.59813625,0.81669635,63.638,3635,0,1
P418,PTRF,0.04167038,0.61033320,0.00000000,,3618,0,1
P418,SEDR,0.04735659,0.69361734,0.00000000,,3648,0,1
P418,ZSE1,0.06150383,0.68289661,0.65379274,92.192,3543,0,1
P420,ARLI,0.02329715,0.68113941,0.00000000,,3559,0,1
P420,BCOV,0.02070978,0.60549253,0.00000000,,3642,0,1
P420,CABL,0.01776211,0.51931119,0.00000000,,3589,0,1
P420,CORV,0.02396163,0.70056671,0.00000000,,3649,0,1
P420,ENUM,0.01602718,0.46858707,0.00000000,,3577,0,1
P420,P349,0.02205570,0.64484298,0.00000000,,3596,0,1
P420,P366,0.02433109,0.71136862,0.00000000,,3602,0,1
P420,P367,0.02597556,0.75944817,0.00000000,,3640,1,1
P420,P375,0.02426760,0.70951241,0.00000000,,3648,0,1
P420,P376,0.02424834,0.70894921,0.00000000,,3621,0,1
P420,P377,0.02524898,0.73820508,0.00000000,,3628,0,1
P420,P385,0.02091762,0.61156899,0.00000000,,3648,0,1
P420,P387,0.01758335,0.51408482,0.00000000,,3631,0,1
P420,P395,0.02407183,0.70378876,0.00000000,,3637,0,1
P420,P397,0.02962813,0.61230832,0.76179016,73.768,3650,0,1
P420,P398,0.03454004,0.78417683,0.67701381,88.325,3649,1,1
P420,P401,0.02587576,0.75653017,0.00000000,,3643,1,1
P420,P402,0.02484880,0.72650486,0.00000000,,3646,0,1
P420,P404,0.02457292,0.71843916,0.00000000,,3640,0,1
P420,P406,0.02570012,0.75139505,0.00000000,,3648,1,1
P420,P409,0.02593271,0.75819534,0.00000000,,3651,1,1
P420,P412,0.02508445,0.73339456,0.00000000,,3645,0,1
P420,P414,0.02697245,0.78859407,0.00000000,,3637,1,1
P420,P418,0.03331212,0.73768634,0.70878315,82.971,3649,0,1
P420,P421,0.03602160,0.73856223,0.94380641,34.010,3648,0,1
P420,P425,0.03725918,0.75984150,0.98851866,15.197,3649,1,1
P420,P429,0.02091274,0.61142635,0.00000000,,3648,0,1
P420,P434,0.02262720,0.66155207,0.00000000,,3651,0,1
P420,P435,0.01917216,0.56053698,0.00000000,,3605,0,1
P420,P437,0.02351971,0.68764645,0.00000000,,3646,0,1
P420,P446,0.03550040,0.74770075,0.87067604,52.628,3650,1,1
P420,P700,0.02895455,0.58118486,0.79607987,67.536,3611,0,1
P420,P733,0.02447483,0.71557128,0.00000000,,3648,0,1
P420,PSPT,0.02075951,0.60694623,0.00000000,,3499,0,1
P420,REDM,0.02308152,0.67483503,0.00000000,,3649,0,1
P420,SEDR,0.02381776,0.69636047,0.00000000,,3649,0,1
P420,TPW2,0.02799636,0.57866985,0.71958137,81.128,3649,0,1
P420,ZSE1,0.02337271,0.68334848,0.00000000,,3544,0,1
P421,ENUM,0.04841091,0.46426731,0.70754468,83.181,3575,0,1
P421,P367,0.05092597,0.73648810,0.00000000,,3638,1,1
P421,P374,0.04534839,0.65582544,0.00000000,,3564,0,1
P421,P385,0.04328611,0.62600100,0.00000000,,3646,0,1
P421,P387,0.03639003,0.52627033,0.00000000,,3629,0,1
P421,P398,0.05208936,0.75331300,0.00000000,,3647,1,1
P421,P401,0.05011734,0.72479367,0.00000000,,3641,1,1
P421,P406,0.04977983,0.71991265,0.00000000,,3646,1,1
P421,P412,0.04995333,0.72242182,0.00000000,,3643,1,1
P421,P414,0.05239852,0.75778407,0.00000000,,3635,1,1
P421,P417,0.06084402,0.61288649,0.80110741,66.597,3647,0,1
P421,P420,0.07282319,0.73856223,0.94380641,34.010,3648,1,1
P421,P425,0.07313539,0.74206483,0.94684339,33.052,3647,1,1
P421,P700,0.06095114,0.57700080,0.91341180,42.560,3609,0,1
P421,PCOL,0.05931421,0.60056889,0.77168798,71.997,3634,0,1
P421,TPW2,0.04019672,0.58132243,0.00000000,,3647,0,1
P421,ZSE1,0.06183948,0.66390455,0.69124222,85.938,3542,0,1
P425,BCOV,0.01500394,0.60199887,0.00000000,,3641,0,1
P425,CORV,0.01799141,0.72186422,0.00000000,,3648,0,1
P425,CPXX,0.02388286,0.68363971,0.82381672,62.259,3643,0,1
P425,ENUM,0.01159205,0.46510467,0.00000000,,3576,0,1
P425,KTBW,0.01660363,0.66618282,0.00000000,,3608,0,1
P425,NANO,0.01769603,0.71001297,0.00000000,,3648,0,1
P425,OBSR,0.01104937,0.44333088,0.00000000,,3625,0,1
P425,P058,0.01667874,0.66919631,0.00000000,,3638,0,1
P425,P062,0.01602939,0.64314288,0.00000000,,3649,0,1
P425,P155,0.01655748,0.66433132,0.00000000,,3631,0,1
P425,P169,0.01712582,0.68713439,0.00000000,,3648,0,1
P425,P324,0.01755384,0.70430791,0.00000000,,3649,0,1
P425,P332,0.01628607,0.65344137,0.00000000,,3588,0,1
P425,P345,0.01738010,0.69733673,0.00000000,,3571,0,1
P425,P366,0.01797865,0.72135240,0.00000000,,3601,0,1
P425,P367,0.01919370,0.77010334,0.00000000,,3639,1,1
P425,P374,0.01669494,0.66984624,0.00000000,,3565,0,1
P425,P375,0.01755327,0.70428485,0.00000000,,3647,0,1
P425,P376,0.01840742,0.73855561,0.00000000,,3620,0,1
P425,P377,0.01816588,0.72886455,0.00000000,,3627,0,1
P425,P380,0.01728681,0.69359362,0.00000000,,3648,0,1
P425,P382,0.01629191,0.65367573,0.00000000,,3631,0,1
P425,P383,0.01619068,0.64961421,0.00000000,,3525,0,1
P425,P387,0.01305567,0.52382892,0.00000000,,3630,0,1
P425,P397,0.02221430,0.63624722,0.76515228,73.168,3649,0,1
P425,P398,0.02434032,0.76865363,0.62383848,97.146,3648,1,1
P425,P404,0.01740837,0.69847125,0.00000000,,3639,0,1
P425,P406,0.01872893,0.75145549,0.00000000,,3647,1,1
P425,P407,0.02102875,0.64202511,0.60511684,100.233,3569,0,1
P425,P409,0.02488468,0.74389720,0.76363111,73.440,3650,1,1
P425,P412,0.01854345,0.74401343,0.00000000,,3644,1,1
P425,P414,0.01923947,0.77193981,0.00000000,,3636,1,1
P425,P417,0.02317091,0.61862332,0.93317038,37.193,3648,0,1
P425,P418,0.01834212,0.73593563,0.00000000,,3648,0,1
P425,P420,0.02715040,0.75984150,0.98851866,15.197,3649,1,1
P425,P421,0.02636111,0.74206483,0.94684339,33.052,3647,1,1
P425,P427,0.01756904,0.70491743,0.00000000,,3649,0,1
P425,P434,0.01649594,0.66186190,0.00000000,,3650,0,1
P425,P437,0.01740162,0.69820023,0.00000000,,3645,0,1
P425,P446,0.02570802,0.72095329,0.93156755,37.653,3649,0,1
P425,P698,0.01951261,0.50628108,0.82985342,61.075,3648,0,1
P425,P700,0.02160428,0.58360326,0.84965801,57.083,3610,0,1
P425,P734,0.01738971,0.69772238,0.00000000,,3649,0,1
P425,P784,0.01562914,0.62708360,0.00000000,,3617,0,1
P425,PCOL,0.01496176,0.60030663,0.00000000,,3635,0,1
P425,PSPT,0.01553236,0.62320042,0.00000000,,3498,0,1
P425,PTRF,0.01531349,0.61441880,0.00000000,,3618,0,1
P425,QUAD,0.01661347,0.66657752,0.00000000,,3642,0,1
P425,REDM,0.01643782,0.65952992,0.00000000,,3648,0,1
P425,SEDR,0.01691077,0.67850614,0.00000000,,3648,0,1
P425,TPW2,0.02096589,0.59136391,0.74953306,75.935,3648,0,1
P425,UCLU,0.01801212,0.72269535,0.00000000,,3634,0,1
P425,ZSE1,0.01704811,0.68401664,0.00000000,,3543,0,1
P427,CABL,0.06700118,0.55442023,0.00000000,,3588,0,1
P427,P062,0.08632922,0.71435559,0.00000000,,3650,1,1
P427,P364,0.09386861,0.77674240,0.00000000,,3598,1,1
P427,P365,0.08506763,0.70391625,0.00000000,,3648,1,1
P427,P367,0.08500287,0.70338035,0.00000000,,3640,1,1
P427,P412,0.12909134,0.74982083,0.95514590,30.296,3645,1,1
P427,P414,0.12212772,0.72043103,0.87044823,52.678,3637,1,1
P427,P425,0.08518863,0.70491743,0.00000000,,3649,1,1
P427,P732,0.08519068,0.70493442,0.00000000,,3597,1,1
P429,P367,0.09223607,0.62879688,0.00000000,,3638,1,1
P429,P375,0.09012894,0.61443204,0.00000000,,3647,1,1
P429,P398,0.09343745,0.63698697,0.00000000,,3648,1,1
P429,P401,0.09177650,0.62566382,0.00000000,,3641,1,1
P429,P409,0.09117647,0.62157333,0.00000000,,3649,1,1
P429,P412,0.12683237,0.61325681,0.75417554,75.117,3643,1,1
P429,P414,0.12914214,0.61174029,0.80596387,65.684,3635,1,1
P429,P420,0.08968805,0.61142635,0.00000000,,3648,1,1
P434,CPXX,0.06656840,0.65193689,0.00000000,,3645,0,1
P434,ENUM,0.06912342,0.45239890,0.67368174,88.882,3578,0,1
P434,P170,0.03587133,0.35130551,0.00000000,,3613,0,1
P434,P367,0.06794258,0.66539490,0.00000000,,3641,1,1
P434,P383,0.06579825,0.64439440,0.00000000,,3527,0,1
P434,P398,0.07056507,0.69107825,0.00000000,,3650,1,1
P434,P401,0.06867343,0.67255253,0.00000000,,3644,1,1
P434,P414,0.06915053,0.67722493,0.00000000,,3638,1,1
P434,P418,0.06757159,0.66176158,0.00000000,,3650,1,1
P434,P420,0.06755020,0.66155207,0.00000000,,3651,1,1
P434,P425,0.06758183,0.66186190,0.00000000,,3650,1,1
P434,P437,0.08863845,0.68047172,0.56282383,107.218,3647,1,1
P434,TPW2,0.05881998,0.57605278,0.00000000,,3650,0,1
P435,P395,0.08754151,0.56039584,0.00000000,,3592,1,1
P435,P398,0.08772631,0.56157887,0.00000000,,3604,1,1
P435,P401,0.12657030,0.56736922,0.72860664,79.577,3598,1,1
P435,P402,0.13742533,0.61543941,0.79286152,68.133,3601,1,1
P435,P420,0.08756355,0.56053698,0.00000000,,3605,1,1
P435,P446,0.08895917,0.56947100,0.00000000,,3605,1,1
P435,PTAL,0.08920740,0.57106000,0.00000000,,3606,1,1
P435,UCLU,0.08672150,0.55514663,0.00000000,,3590,1,1
P437,ALBH,0.06474418,0.71680623,0.68145919,87.581,3636,1,1
P437,CPXX,0.04709730,0.68667078,0.00000000,,3640,0,1
P437,ENUM,0.04546280,0.45295525,0.62965441,96.186,3573,0,1
P437,KTBW,0.06362496,0.64338571,0.85276675,56.439,3605,0,1
P437,OBSR,0.03134464,0.45699963,0.00000000,,3622,0,1
P437,P377,0.04712072,0.68701220,0.00000000,,3624,1,1
P437,P387,0.03453623,0.50353241,0.00000000,,3627,0,1
P437,P398,0.05001014,0.72913957,0.00000000,,3645,1,1
P437,P401,0.04850452,0.70718771,0.00000000,,3639,1,1
P437,P407,0.04265522,0.62190592,0.00000000,,3566,0,1
P437,P418,0.05015457,0.73124528,0.00000000,,3645,1,1
P437,P420,0.04716422,0.68764645,0.00000000,,3646,1,1
P437,P425,0.04788808,0.69820023,0.00000000,,3645,1,1
P437,P434,0.05953975,0.68047172,0.56282383,107.218,3647,0,1
P437,P439,0.06274620,0.68314880,0.69504082,85.298,3642,0,1
P437,PCOL,0.05583063,0.59697819,0.65106916,92.643,3632,0,1
P437,UCLU,0.04787377,0.69799149,0.00000000,,3631,1,1
P437,ZSE1,0.06225155,0.66951859,0.71429586,82.031,3541,0,1
P439,ALBH,0.08641698,0.76143241,0.85792613,55.360,3636,1,1
P439,BAMF,0.05064931,0.61388958,0.00000000,,3645,0,1
P439,CLRS,0.07227613,0.65448922,0.66457766,90.400,3636,0,1
P439,KTBW,0.05464782,0.66235304,0.00000000,,3605,0,1
P439,NANO,0.07390042,0.70933640,0.55909717,107.836,3645,1,1
P439,OBSR,0.03652905,0.44274646,0.00000000,,3622,0,1
P439,P398,0.05836582,0.70741671,0.00000000,,3645,1,1
P439,P401,0.06169422,0.74775821,0.00000000,,3639,1,1
P439,P402,0.05913924,0.71679085,0.00000000,,3642,1,1
P439,P437,0.07547850,0.68314880,0.69504082,85.298,3642,1,1
P439,P698,0.04100373,0.49698138,0.00000000,,3645,0,1
P439,PGC5,0.08310877,0.70001334,0.92189282,40.330,3644,1,1
P439,SC04,0.07639607,0.65247202,0.82043535,62.916,3625,0,1
P439,UCLU,0.06038650,0.73190820,0.00000000,,3631,1,1
P446,P163,0.03969920,0.56774646,0.00000000,,3650,0,1
P446,P332,0.04558364,0.65190107,0.00000000,,3589,0,1
P446,P367,0.05108307,0.73054957,0.00000000,,3640,1,1
P446,P370,0.04097819,0.58603764,0.00000000,,3647,0,1
P446,P374,0.04749965,0.67930233,0.00000000,,3566,0,1
P446,P376,0.05046664,0.72173393,0.00000000,,3621,1,1
P446,P380,0.04836962,0.69174403,0.00000000,,3649,0,1
P446,P395,0.05172217,0.73968953,0.00000000,,3637,1,1
P446,P398,0.05175181,0.74011344,0.00000000,,3649,1,1
P446,P401,0.05031417,0.71955341,0.00000000,,3643,1,1
P446,P414,0.07303289,0.73074991,0.94112605,34.836,3637,1,1
P446,P417,0.06746459,0.68602425,0.83640265,59.774,3649,0,1
P446,P420,0.07257611,0.74770075,0.87067604,52.628,3650,1,1
P446,P425,0.07212508,0.72095329,0.93156755,37.653,3649,1,1
P446,P435,0.03981978,0.56947100,0.00000000,,3605,0,1
P446,P700,0.05836070,0.54419744,0.87129325,52.493,3611,0,1
P446,PTAL,0.04592047,0.65671819,0.00000000,,3651,0,1
P696,P155,0.07742782,0.43925527,0.00000000,,3618,1,1
P696,P167,0.07771627,0.44089165,0.00000000,,3603,1,1
P696,P376,0.08070095,0.45782408,0.00000000,,3607,1,1
P696,P377,0.08091930,0.45906281,0.00000000,,3614,1,1
P696,P383,0.07746883,0.43948796,0.00000000,,3514,1,1
P696,P414,0.12649484,0.43593025,0.84506059,58.025,3623,1,1
P696,P698,0.16754891,0.61730826,0.99963725,2.694,3636,1,1
P696,TPW2,0.07669556,0.43510109,0.00000000,,3635,1,1
P698,ALBH,0.07421759,0.49830964,0.00000000,,3639,1,1
P698,P367,0.07619376,0.51157808,0.00000000,,3639,1,1
P698,P398,0.07435197,0.49921194,0.00000000,,3648,1,1
P698,P414,0.11939895,0.51629889,0.85609883,55.744,3636,1,1
P698,P425,0.11660393,0.50628108,0.82985342,61.075,3648,1,1
P698,P439,0.07401975,0.49698138,0.00000000,,3645,1,1
P698,P696,0.14156930,0.61730826,0.99963725,2.694,3636,1,1
P698,P700,0.12505984,0.50666273,0.99903202,4.401,3610,1,1
P700,P367,0.06654971,0.54187530,0.00000000,,3601,1,1
P700,P412,0.06984206,0.56868297,0.00000000,,3606,1,1
P700,P414,0.10714772,0.58273375,0.86912221,52.966,3598,1,1
P700,P418,0.06839997,0.55694085,0.00000000,,3610,1,1
P700,P420,0.10396730,0.58118486,0.79607987,67.536,3611,1,1
P700,P421,0.10825676,0.57700080,0.91341180,42.560,3609,1,1
P700,P425,0.10645769,0.58360326,0.84965801,57.083,3610,1,1
P700,P446,0.10250381,0.54419744,0.87129325,52.493,3611,1,1
P700,P698,0.10312339,0.50666273,0.99903202,4.401,3610,0,1
P732,CABL,0.09931844,0.61287993,0.71166730,82.480,3536,0,1
P732,P062,0.07805196,0.66807497,0.00000000,,3597,1,1
P732,P364,0.11464631,0.69279933,0.86549944,53.749,3546,1,1
P732,P365,0.12404850,0.74241072,0.95809561,29.260,3596,1,1
P732,P366,0.11236598,0.63925117,0.96758950,25.670,3569,1,1
P732,P398,0.07579277,0.64873773,0.00000000,,3596,1,1
P732,P401,0.07416571,0.63481110,0.00000000,,3590,1,1
P732,P412,0.08347720,0.71451145,0.00000000,,3593,1,1
P732,P427,0.08235830,0.70493442,0.00000000,,3597,1,1
P733,P327,0.06286588,0.62824953,0.00000000,,3648,0,1
P733,P332,0.06506619,0.65023828,0.00000000,,3587,0,1
P733,P362,0.09642452,0.64508516,0.95559675,30.139,3627,0,1
P733,P367,0.07355259,0.73504704,0.00000000,,3638,1,1
P733,P377,0.07145304,0.71406519,0.00000000,,3626,1,1
P733,P395,0.06773312,0.67689031,0.00000000,,3635,0,1
P733,P398,0.07264855,0.72601247,0.00000000,,3647,1,1
P733,P401,0.07299840,0.72950876,0.00000000,,3641,1,1
P733,P402,0.07013465,0.70088995,0.00000000,,3644,1,1
P733,P414,0.07220284,0.72155833,0.00000000,,3635,1,1
P733,P420,0.07160374,0.71557128,0.00000000,,3648,1,1
P733,UCLU,0.06989627,0.69850761,0.00000000,,3633,1,1
P734,P324,0.08509009,0.70753312,0.00000000,,3650,1,1
P734,P366,0.08374559,0.69635350,0.00000000,,3602,1,1
P734,P367,0.08725219,0.72551131,0.00000000,,3640,1,1
P734,P370,0.08412219,0.56651217,0.39891857,135.573,3647,0,1
P734,P377,0.08390950,0.69771636,0.00000000,,3628,1,1
P734,P398,0.08774520,0.72961080,0.00000000,,3649,1,1
P734,P401,0.08629246,0.71753109,0.00000000,,3643,1,1
P734,P406,0.08392336,0.69783169,0.00000000,,3648,1,1
P734,P425,0.08391021,0.69772238,0.00000000,,3649,1,1
P734,PSPT,0.07365845,0.61247784,0.00000000,,3499,0,1
P784,P364,0.09530183,0.64219308,0.00000000,,3566,1,1
P784,P377,0.09318604,0.62793577,0.00000000,,3596,1,1
P784,P380,0.14371730,0.70979482,0.77594036,71.229,3617,1,1
P784,P398,0.09205666,0.62032545,0.00000000,,3617,1,1
P784,P401,0.09371906,0.63152754,0.00000000,,3611,1,1
P784,P406,0.09873032,0.66529602,0.00000000,,3616,1,1
P784,P414,0.09236179,0.62238157,0.00000000,,3610,1,1
P784,P425,0.09305958,0.62708360,0.00000000,,3617,1,1
PCOL,CPXX,0.11873001,0.61658609,0.90798658,43.938,3630,1,1
PCOL,P398,0.10370658,0.61195046,0.57294405,105.543,3635,1,1
PCOL,P406,0.07745557,0.59968740,0.00000000,,3634,1,1
PCOL,P418,0.11241668,0.59813625,0.81669635,63.638,3635,1,1
PCOL,P421,0.11079314,0.60056889,0.77168798,71.997,3634,1,1
PCOL,P425,0.07753554,0.60030663,0.00000000,,3635,1,1
PCOL,P437,0.10513631,0.59697819,0.65106916,92.643,3632,1,1
PCOL,ZSE1,0.12201301,0.62754589,0.95136136,31.579,3531,1,1
PGC5,ALBH,0.11107673,0.70592600,0.95911121,28.896,3638,1,1
PGC5,CLRS,0.10063217,0.64012909,0.86718154,53.387,3638,0,1
PGC5,NANO,0.09835108,0.67690045,0.69367993,85.527,3647,1,1
PGC5,P398,0.07219662,0.66662920,0.00000000,,3647,1,1
PGC5,P401,0.09341601,0.68810552,0.52336055,113.797,3641,1,1
PGC5,P402,0.08890326,0.65233195,0.50567526,116.778,3644,1,1
PGC5,P439,0.10909279,0.70001334,0.92189282,40.330,3644,1,1
PGC5,SC04,0.10546286,0.66106546,0.93818498,35.723,3627,1,1
PGC5,UCLU,0.07646711,0.70606095,0.00000000,,3633,1,1
PSPT,P324,0.08458844,0.60255754,0.00000000,,3499,1,1
PSPT,P367,0.08901411,0.63408339,0.00000000,,3489,1,1
PSPT,P370,0.12123300,0.59229100,0.81390148,64.174,3496,0,1
PSPT,P398,0.08773132,0.62494552,0.00000000,,3498,1,1
PSPT,P401,0.08542897,0.60854495,0.00000000,,3492,1,1
PSPT,P414,0.08615580,0.61372250,0.00000000,,3486,1,1
PSPT,P420,0.08520453,0.60694623,0.00000000,,3499,1,1
PSPT,P425,0.08748633,0.62320042,0.00000000,,3498,1,1
PSPT,P734,0.08598108,0.61247784,0.00000000,,3499,1,1
PTAL,CLRS,0.12124016,0.71980208,0.77171856,71.991,3641,1,1
PTAL,P367,0.08163041,0.65783733,0.00000000,,3641,1,1
PTAL,P398,0.08400294,0.67695689,0.00000000,,3650,1,1
PTAL,P401,0.08457607,0.68157566,0.00000000,,3644,1,1
PTAL,P414,0.08176084,0.65888840,0.00000000,,3638,1,1
PTAL,P435,0.07086230,0.57106000,0.00000000,,3606,0,1
PTAL,P446,0.08149154,0.65671819,0.00000000,,3651,1,1
PTAL,SC04,0.10820404,0.65371740,0.65480864,92.023,3630,1,1
PTAL,UCLU,0.12077958,0.69779831,0.82659471,61.716,3636,1,1
PTRF,ALBH,0.12105286,0.62431479,0.78067535,70.370,3609,1,1
PTRF,NANO,0.11769330,0.63128823,0.68610942,86.801,3618,1,1
PTRF,P367,0.08496761,0.62086296,0.00000000,,3609,1,1
PTRF,P398,0.08568688,0.62611872,0.00000000,,3618,1,1
PTRF,P401,0.12346637,0.63826299,0.79173791,68.341,3612,1,1
PTRF,P418,0.08352657,0.61033320,0.00000000,,3618,1,1
PTRF,P425,0.08408570,0.61441880,0.00000000,,3618,1,1
PTRF,UCLU,0.11704867,0.63896996,0.64893335,92.997,3604,1,1
QUAD,NANO,0.11445992,0.68233865,0.43431094,129.151,3642,1,1
QUAD,NTKA,0.11958224,0.68210667,0.54605144,110.004,3629,1,1
QUAD,P367,0.09356165,0.67609411,0.00000000,,3633,1,1
QUAD,P377,0.09231578,0.66709125,0.00000000,,3621,1,1
QUAD,P398,0.09535296,0.68903840,0.00000000,,3642,1,1
QUAD,P401,0.09575040,0.69191039,0.00000000,,3636,1,1
QUAD,P425,0.09224468,0.66657752,0.00000000,,3642,1,1
QUAD,UCLU,0.11221831,0.67700535,0.40171590,135.056,3628,1,1
REDM,P367,0.10095520,0.67538244,0.00000000,,3639,1,1
REDM,P380,0.09849783,0.65894282,0.00000000,,3648,1,1
REDM,P398,0.10262244,0.68653613,0.00000000,,3648,1,1
REDM,P401,0.09932308,0.66446370,0.00000000,,3642,1,1
REDM,P406,0.09837420,0.65811568,0.00000000,,3647,1,1
REDM,P414,0.10146353,0.67878318,0.00000000,,3636,1,1
REDM,P420,0.10087337,0.67483503,0.00000000,,3649,1,1
REDM,P425,0.09858559,0.65952992,0.00000000,,3648,1,1
SC04,ALBH,0.10893683,0.63224500,0.82816565,61.407,3619,1,1
SC04,CLRS,0.11802204,0.66863495,0.94624949,33.241,3619,1,1
SC04,NANO,0.10844335,0.60975993,0.88327730,49.823,3628,1,1
SC04,P409,0.07289267,0.60776901,0.00000000,,3630,1,1
SC04,P439,0.11105371,0.65247202,0.82043535,62.916,3625,1,1
SC04,PGC5,0.11679179,0.66106546,0.93818498,35.723,3627,1,1
SC04,PTAL,0.10458160,0.65371740,0.65480864,92.023,3630,1,1
SC04,UCLU,0.09936503,0.69311875,0.40611932,134.247,3614,1,1
SEDR,ALBH,0.11682739,0.69448656,0.64088869,94.329,3639,1,1
SEDR,P398,0.09152605,0.71144509,0.00000000,,3648,1,1
SEDR,P401,0.08957175,0.69625407,0.00000000,,3642,1,1
SEDR,P414,0.08947798,0.69552517,0.00000000,,3636,1,1
SEDR,P418,0.08923253,0.69361734,0.00000000,,3648,1,1
SEDR,P420,0.08958543,0.69636047,0.00000000,,3649,1,1
SEDR,P425,0.08728851,0.67850614,0.00000000,,3648,1,1
SEDR,UCLU,0.08927642,0.69395840,0.00000000,,3634,1,1
SEDR,ZSE1,0.08568318,0.66602772,0.00000000,,3543,0,1
TPW2,P365,0.08056011,0.57725859,0.00000000,,3647,1,1
TPW2,P367,0.08097554,0.58023542,0.00000000,,3639,1,1
TPW2,P398,0.11568492,0.58821350,0.72220242,80.678,3648,1,1
TPW2,P414,0.08283702,0.59357387,0.00000000,,3636,1,1
TPW2,P420,0.11423112,0.57866985,0.71958137,81.128,3649,1,1
TPW2,P421,0.08112724,0.58132243,0.00000000,,3647,1,1
TPW2,P425,0.11739597,0.59136391,0.74953306,75.935,3648,1,1
TPW2,P434,0.08039183,0.57605278,0.00000000,,3650,1,1
TPW2,P696,0.06072113,0.43510109,0.00000000,,3635,0,1
UCLU,ALBH,0.03530035,0.72225708,0.00000000,,3626,1,1
UCLU,ARLI,0.03284274,0.67197359,0.00000000,,3544,0,1
UCLU,BAMF,0.04775214,0.65970385,0.95196331,31.378,3634,0,1
UCLU,CLRS,0.04373319,0.70037484,0.58326310,103.838,3625,0,1
UCLU,NANO,0.04479093,0.74158067,0.52457082,113.594,3634,1,1
UCLU,NTKA,0.04343977,0.70198733,0.56041515,107.618,3621,0,1
UCLU,P154,0.03021178,0.61814332,0.00000000,,3599,0,1
UCLU,P327,0.03089935,0.63221109,0.00000000,,3635,0,1
UCLU,P345,0.03378703,0.69129413,0.00000000,,3557,0,1
UCLU,P367,0.03577960,0.73206276,0.00000000,,3625,1,1
UCLU,P398,0.03665954,0.75006670,0.00000000,,3634,1,1
UCLU,P401,0.04473173,0.77527380,0.41985753,131.745,3628,1,1
UCLU,P402,0.03521318,0.72047353,0.00000000,,3631,0,1
UCLU,P414,0.03528602,0.72196394,0.00000000,,3622,1,1
UCLU,P425,0.03532177,0.72269535,0.00000000,,3634,1,1
UCLU,P435,0.02713282,0.55514663,0.00000000,,3590,0,1
UCLU,P437,0.03411437,0.69799149,0.00000000,,3631,0,1
UCLU,P439,0.03577204,0.73190820,0.00000000,,3631,1,1
UCLU,P733,0.03413959,0.69850761,0.00000000,,3633,0,1
UCLU,PGC5,0.03450876,0.70606095,0.00000000,,3633,0,1
UCLU,PTAL,0.04757154,0.69779831,0.82659471,61.716,3636,0,1
UCLU,PTRF,0.04180190,0.63896996,0.64893335,92.997,3604,0,1
UCLU,QUAD,0.03963329,0.67700535,0.40171590,135.056,3628,0,1
UCLU,SC04,0.04049258,0.69311875,0.40611932,134.247,3614,0,1
UCLU,SEDR,0.03391725,0.69395840,0.00000000,,3634,0,1
ZSE1,ARLI,0.09330070,0.66167456,0.61441821,98.699,3455,0,1
ZSE1,P398,0.07702829,0.71535927,0.00000000,,3543,1,1
ZSE1,P401,0.07440232,0.69097203,0.00000000,,3537,1,1
ZSE1,P418,0.09699910,0.68289661,0.65379274,92.192,3543,1,1
ZSE1,P420,0.07358144,0.68334848,0.00000000,,3544,1,1
ZSE1,P421,0.09629823,0.66390455,0.69124222,85.938,3542,1,1
ZSE1,P425,0.07365339,0.68401664,0.00000000,,3543,1,1
ZSE1,P437,0.09773020,0.66951859,0.71429586,82.031,3541,1,1
ZSE1,PCOL,0.10171957,0.62754589,0.95136136,31.579,3531,0,1
ZSE1,SEDR,0.07171638,0.66602772,0.00000000,,3543,1,1
